wire,from,to,net,colour,size,note
101,XW:8,X0V:1,0 V,blue/white,18 AWG,
102,XG:4,X0V:1,0 V,blue/white,18 AWG,
103,XG:6,X0V:2,0 V,blue/white,18 AWG,
104,PSU24:V-,X0V:2,0 V,blue/white,18 AWG,
105,SR:A2,X0V:3,0 V,blue/white,18 AWG,
106,K1:A2,X0V:3,0 V,blue/white,18 AWG,
107,K2:A2,X0V:4,0 V,blue/white,18 AWG,
108,T_BRAKE:A2,X0V:4,0 V,blue/white,18 AWG,
109,KM_R:A2,X0V:5,0 V,blue/white,18 AWG,
110,KM_P:A2,X0V:5,0 V,blue/white,18 AWG,
111,K_EMPTY:A2,X0V:6,0 V,blue/white,18 AWG,
112,K_EMPTY_B:A2,X0V:6,0 V,blue/white,18 AWG,
113,K_MIN:A2,X0V:7,0 V,blue/white,18 AWG,
114,K_DRAIN:A2,X0V:7,0 V,blue/white,18 AWG,
115,K_DRAINED:A2,X0V:8,0 V,blue/white,18 AWG,
116,K_ARM:A2,X0V:8,0 V,blue/white,18 AWG,
117,K_FILL:A2,X0V:9,0 V,blue/white,18 AWG,
118,K_RDY_R:A2,X0V:9,0 V,blue/white,18 AWG,
119,K_RDY_P:A2,X0V:10,0 V,blue/white,18 AWG,
120,K_DOCK_RUN:21,X0V:10,0 V,blue/white,18 AWG,
121,K_SETTER:A2,X0V:11,0 V,blue/white,18 AWG,
122,T_CLOSE:A2,X0V:11,0 V,blue/white,18 AWG,
123,T_DRAIN:A2,X0V:12,0 V,blue/white,18 AWG,
124,T_FILL:A2,X0V:12,0 V,blue/white,18 AWG,
125,R_TC:2,X0V:13,0 V,blue/white,18 AWG,
126,R_TD:2,X0V:13,0 V,blue/white,18 AWG,
127,P_LIMIT:A2,X0V:14,0 V,blue/white,18 AWG,
128,P_CMD:A2,X0V:14,0 V,blue/white,18 AWG,
129,K_READY:A2,X0V:15,0 V,blue/white,18 AWG,
130,K_PERMIT:A2,X0V:15,0 V,blue/white,18 AWG,
131,K_RUN_ARM:A2,X0V:16,0 V,blue/white,18 AWG,
132,K_REQ_A:A2,X0V:16,0 V,blue/white,18 AWG,
133,K_REQ_B:A2,X0V:17,0 V,blue/white,18 AWG,
134,K_VFD_RUN:A2,X0V:17,0 V,blue/white,18 AWG,
135,K_TORCH_RUN:A2,X0V:18,0 V,blue/white,18 AWG,
136,HEADIF:U_HEAD.2,X0V:18,0 V,blue/white,18 AWG,
137,HEADIF:U_PROBE.2,X0V:19,0 V,blue/white,18 AWG,
138,IFB:FLD.0V,X0V:19,0 V,blue/white,18 AWG,
139,H_STOP:X2,X0V:20,0 V,blue/white,18 AWG,
140,H_READY:X2,X0V:20,0 V,blue/white,18 AWG,
141,H_ARMED:X2,X0V:21,0 V,blue/white,18 AWG,
142,XW:7,KM_R:21,DV,blue,18 AWG,
143,KM_R:21,K_DRAIN:14,DV,blue,18 AWG,
144,XW:11,XC:1,C,blue,18 AWG,
145,XW:13,XC:1,C,blue,18 AWG,
146,F_CONTROL:2,XC:2,C,blue,18 AWG,
147,SR:33,XC:2,C,blue,18 AWG,
148,SR:41,XC:3,C,blue,18 AWG,
149,KM_R:11,XC:3,C,blue,18 AWG,
150,KM_P:11,XC:4,C,blue,18 AWG,
151,K_DOCK_RUN:A1,XC:4,C,blue,18 AWG,
152,K_DOCK_DIR:A1,XC:5,C,blue,18 AWG,
153,HEADIF:XHEAD.3,XC:5,C,blue,18 AWG,
154,IFB:FLD.24,XC:6,C,blue,18 AWG,
155,IFB:RUN.13,XC:6,C,blue,18 AWG,
156,MODE_R:13,XC:7,C,blue,18 AWG,
157,MODE_P:13,XC:7,C,blue,18 AWG,
158,AUTO_DRAIN:13,XC:8,C,blue,18 AWG,
159,XW:12,K_EMPTY:A1,EMPTY_COIL,blue,18 AWG,
160,K_EMPTY:A1,K_EMPTY_B:A1,EMPTY_COIL,blue,18 AWG,
161,XW:14,K_MIN:A1,MIN_COIL,blue,18 AWG,
162,XW:15,P_LIMIT:A1,L,blue,18 AWG,
163,P_LIMIT:A1,XW:20,L,blue,18 AWG,
164,XW:16,K_ARM:11,A,blue,18 AWG,
165,K_ARM:11,K_ARM:21,A,blue,18 AWG,jumper on the socket
166,K_ARM:21,FILL:21,A,blue,18 AWG,
167,XW:17,SR:34,STOP_OK,blue,18 AWG,
168,SR:34,XH:3,STOP_OK,blue,18 AWG,
169,XW:25,BED_R:13,H,blue,18 AWG,
170,XW:18,KM_P:21,H,blue,18 AWG,
171,KM_P:21,XW:25,H,blue,18 AWG,
172,XW:19,SETUP_RUN:22,SETUP_PC,blue,18 AWG,
173,XW:23,BED_P:13,P_HEALTHY,blue,18 AWG,
174,XW:23,KM_P:24,P_HEALTHY,blue,18 AWG,
175,XW:24,BED_P:14,P_CLEAR,blue,18 AWG,
176,XW:24,T_CLOSE:15,P_CLEAR,blue,18 AWG,
177,XW:26,BED_R:14,R_LOCKED,blue,18 AWG,
178,XW:26,K_EMPTY:11,R_LOCKED,blue,18 AWG,
179,XH:4,XH:5,DOOR_SAFE,blue,18 AWG,jumper on the socket
180,XH:6,K_READY:23,HEAD_SAFE,blue,18 AWG,
181,XH:7,ESTOP:12,ESTOP_CH1,blue,18 AWG,
182,XH:7,ESTOP2:11,ESTOP_CH1,blue,18 AWG,
183,XH:8,ESTOP2:12,ESTOP_CH1,blue,18 AWG,
184,XH:8,SR:S12,ESTOP_CH1,blue,18 AWG,
185,XH:9,ESTOP:22,ESTOP_CH2,blue,18 AWG,
186,XH:9,ESTOP2:21,ESTOP_CH2,blue,18 AWG,
187,XH:10,ESTOP2:22,ESTOP_CH2,blue,18 AWG,
188,XH:10,SR:S22,ESTOP_CH2,blue,18 AWG,
189,XS:1,XS24:1,S,blue,18 AWG,
190,F_SAFETY:2,XS24:1,S,blue,18 AWG,
191,SR:13,XS24:2,S,blue,18 AWG,
192,SR:23,XS24:2,S,blue,18 AWG,
193,SR:A1,XS24:3,S,blue,18 AWG,
194,K1:13,XS24:3,S,blue,18 AWG,
195,XG:1,K_VFD_RUN:42,DOCK_ZTOP,blue,18 AWG,
196,XG:2,K_DOCK_RUN:11,DOCK_24V,blue,18 AWG,
197,XG:3,T_BRAKE:18,Z_BRAKE_COIL,blue,18 AWG,
198,XG:5,SW_LIGHT:14,LIGHT,blue,18 AWG,
199,XVFD:COM,K_REQ_B:14,link,blue,18 AWG,
200,XVFD:FWD,K_DIR:32,link,blue,18 AWG,
201,XVFD:REV,K_DIR:14,link,blue,18 AWG,
202,XPLASMA:START1,K_TORCH_RUN:13,link,blue,18 AWG,
203,XPLASMA:START2,K_REQ_B:24,link,blue,18 AWG,
204,K_DOCK_DIR:12,XD:1,M1,blue,18 AWG,M1: +24 V when deploying
205,K_DOCK_DIR:12,K_DOCK_DIR:24,M1,blue,18 AWG,jumper on the socket
206,K_DOCK_DIR:22,XD:2,M2,blue,18 AWG,M2: +24 V when parking
207,K_DOCK_DIR:22,K_DOCK_DIR:14,M2,blue,18 AWG,jumper on the socket
208,IFB:SEN.24,XD:3,SEN_24,blue,18 AWG,
209,IFB:SEN.0V,XD:4,SEN_0V,blue/white,18 AWG,
210,K_SETTER:11,XD:7,SETTER_A,blue,18 AWG,
211,K_SETTER:11,HEADIF:XHEAD.4,SETTER_A,blue,18 AWG,replaces the XHEAD 4-5 panel link (M19)
212,K_SETTER:12,XD:8,SETTER_B,blue,18 AWG,
213,K_SETTER:12,HEADIF:XHEAD.5,SETTER_B,blue,18 AWG,
214,CB_VFD:2,K1:3,link,blue,18 AWG,
215,CB_PLASMA:2,K1:5,link,blue,18 AWG,
216,PSU24:V+,X24:1,+24 V,blue,18 AWG,
217,F_CONTROL:1,X24:1,+24 V,blue,18 AWG,
218,F_VALVE:1,X24:2,+24 V,blue,18 AWG,
219,F_SAFETY:1,X24:2,+24 V,blue,18 AWG,
220,F_LIGHT:1,X24:3,+24 V,blue,18 AWG,
221,PSU48:V+,K1:1,link,blue,18 AWG,
222,F_VALVE:2,K_DRAIN:11,V,blue,18 AWG,
223,F_LIGHT:2,SW_LIGHT:13,LIGHT_FUSED,blue,18 AWG,
224,SR:14,K1:A1,K1_COIL,blue,18 AWG,
225,SR:24,K2:A1,K2_COIL,blue,18 AWG,
226,SR:42,H_STOP:X1,LAMP_STOP,blue,18 AWG,
227,SR:S11,ESTOP:11,ESTOP_CH1,blue,18 AWG,
228,SR:S21,ESTOP:21,ESTOP_CH2,blue,18 AWG,
229,SR:S33,RESET:13,RESET_LOOP,blue,18 AWG,
230,SR:S34,K2:22,RESET_LOOP,blue,18 AWG,
231,K1:14,K2:13,BRK_1,blue,18 AWG,
232,F_DOCK:1,XBRK:1,BRK,blue,18 AWG,
233,K2:14,XBRK:1,BRK,blue,18 AWG,
234,T_BRAKE:15,XBRK:2,BRK,blue,18 AWG,
235,T_BRAKE:A1,XBRK:2,BRK,blue,18 AWG,
236,KM_R:14,K_DRAINED:11,DR_REQ,blue,18 AWG,
237,KM_R:24,K_EMPTY:21,RD,blue,18 AWG,
238,KM_R:31,KM_P:31,REQUEST,blue,18 AWG,
239,KM_P:31,K_REQ_A:14,REQUEST,blue,18 AWG,
240,KM_R:34,K_RDY_R:11,link,blue,18 AWG,
241,KM_R:41,MODE_P:14,MP,blue,18 AWG,
242,KM_R:42,KM_P:A1,KMP_COIL,blue,18 AWG,
243,KM_R:A1,KM_P:42,KMR_COIL,blue,18 AWG,
244,KM_P:42,K_SETTER:A1,KMR_COIL,blue,18 AWG,
245,KM_P:14,K_DRAIN:21,PCLOSE,blue,18 AWG,
246,KM_P:34,K_RDY_P:11,link,blue,18 AWG,
247,KM_P:41,MODE_R:14,MR,blue,18 AWG,
248,K_EMPTY:14,K_DRAINED:21,RE,blue,18 AWG,
249,K_DRAINED:21,T_DRAIN:15,RE,blue,18 AWG,
250,K_EMPTY:24,T_DRAIN:A1,TD_POWER,blue,18 AWG,
251,K_EMPTY_B:11,K_DRAINED:14,link,blue,18 AWG,
252,K_EMPTY_B:14,K_DRAINED:A1,DRN_COIL,blue,18 AWG,
253,K_DRAINED:A1,D_SET:K,DRN_COIL,blue,18 AWG,
254,K_MIN:11,T_CLOSE:18,PC,blue,18 AWG,
255,T_CLOSE:18,R_TC:1,PC,blue,18 AWG,
256,R_TC:1,SETUP_RUN:21,PC,blue,18 AWG,
257,K_MIN:14,K_RDY_P:A1,PR,blue,18 AWG,
258,K_RDY_P:A1,D_P_READY:A,PR,blue,18 AWG,
259,K_DRAIN:22,T_CLOSE:A1,TC_POWER,blue,18 AWG,
260,K_DRAIN:A1,D_O:K,DRAIN_COIL,blue,18 AWG,
261,D_O:K,D_R2:K,DRAIN_COIL,blue,18 AWG,
262,K_DRAINED:12,D_R2:A,link,blue,18 AWG,
263,K_DRAINED:24,X_RR:1,RR,blue,18 AWG,
264,K_RDY_R:A1,X_RR:1,RR,blue,18 AWG,
265,R_TD:1,X_RR:2,RR,blue,18 AWG,
266,D_R_READY:A,X_RR:2,RR,blue,18 AWG,
267,D_TD:K,X_RR:3,RR,blue,18 AWG,
268,K_ARM:14,K_ARM:A1,ARM_COIL,blue,18 AWG,jumper on the socket
269,K_ARM:A1,K_READY:42,ARM_COIL,blue,18 AWG,
270,K_ARM:24,K_FILL:11,AF,blue,18 AWG,
271,K_FILL:11,FILL:13,AF,blue,18 AWG,
272,K_FILL:14,T_FILL:15,link,blue,18 AWG,
273,K_FILL:21,D_R_READY:K,J,blue,18 AWG,
274,D_R_READY:K,D_P_READY:K,J,blue,18 AWG,
275,K_FILL:22,H_READY:X1,NOT_FILL,blue,18 AWG,
276,K_FILL:22,SETUP_RUN:13,NOT_FILL,blue,18 AWG,
277,K_FILL:A1,X_FILLCOIL:1,FILL_COIL,blue,18 AWG,
278,T_FILL:16,X_FILLCOIL:1,FILL_COIL,blue,18 AWG,
279,T_FILL:A1,X_FILLCOIL:2,FILL_COIL,blue,18 AWG,
280,P_CMD:A1,X_FILLCOIL:2,FILL_COIL,blue,18 AWG,
281,FILL:14,X_FILLCOIL:3,FILL_COIL,blue,18 AWG,
282,K_RDY_R:14,K_VFD_RUN:A1,VFD_RUN_COIL,blue,18 AWG,
283,K_RDY_P:14,K_TORCH_RUN:A1,TORCH_RUN_COIL,blue,18 AWG,
284,K_DOCK_RUN:14,K_DOCK_DIR:11,DOCK_PLUS,blue,18 AWG,
285,K_DOCK_RUN:24,K_DOCK_DIR:21,DOCK_MINUS,blue/white,18 AWG,switched 0 V
286,K_DOCK_RUN:A2,IFB:DOCK_RUN.OUT,DOCK_RUN_SINK,blue,18 AWG,
287,K_DOCK_DIR:A2,IFB:DOCK_DIR.OUT,DOCK_DIR_SINK,blue,18 AWG,
288,T_DRAIN:18,D_TD:A,link,blue,18 AWG,
289,D_TD:A,D_SET:A,link,blue,18 AWG,
290,K_READY:24,K_PERMIT:13,PERMIT_SRC,blue,18 AWG,
291,K_PERMIT:13,K_PERMIT:23,PERMIT_SRC,blue,18 AWG,jumper on the socket
292,K_PERMIT:23,K_RUN_ARM:61,PERMIT_SRC,blue,18 AWG,
293,K_READY:33,K_PERMIT:41,RDY_SRC,blue,18 AWG,
294,K_PERMIT:41,AUTO_DRAIN:22,RDY_SRC,blue,18 AWG,
295,K_READY:34,K_READY:A1,READY_COIL,blue,18 AWG,jumper on the socket
296,K_READY:A1,K_PERMIT:42,READY_COIL,blue,18 AWG,
297,K_READY:41,FILL:22,FILL_NC,blue,18 AWG,
298,K_PERMIT:14,K_PERMIT:A1,PERMIT_COIL,blue,18 AWG,jumper on the socket
299,K_PERMIT:A1,K_RUN_ARM:62,PERMIT_COIL,blue,18 AWG,
300,K_PERMIT:24,SETUP_RUN_B:13,PERMIT,blue,18 AWG,
301,K_RUN_ARM:13,K_RUN_ARM:23,ARM_SRC,blue,18 AWG,jumper on the socket
302,K_RUN_ARM:23,K_REQ_A:31,ARM_SRC,blue,18 AWG,
303,K_REQ_A:31,SETUP_RUN_B:14,ARM_SRC,blue,18 AWG,
304,K_RUN_ARM:14,K_RUN_ARM:A1,RUN_ARM_COIL,blue,18 AWG,jumper on the socket
305,K_RUN_ARM:A1,K_TORCH_RUN:32,RUN_ARM_COIL,blue,18 AWG,
306,K_RUN_ARM:24,K_REQ_A:13,ARMED,blue,18 AWG,
307,K_REQ_A:13,H_ARMED:X1,ARMED,blue,18 AWG,
308,K_REQ_A:32,K_REQ_B:31,ARM_1,blue,18 AWG,
309,K_REQ_A:A1,K_REQ_B:A1,REQUEST_COIL,blue,18 AWG,
310,K_REQ_B:A1,IFB:RUN.14,REQUEST_COIL,blue,18 AWG,
311,K_REQ_B:32,K_VFD_RUN:31,ARM_2,blue,18 AWG,
312,K_VFD_RUN:32,K_TORCH_RUN:31,ARM_3,blue,18 AWG,
313,F_DOCK:2,K_VFD_RUN:41,DOCK_1,blue,18 AWG,
314,D_O:A,AUTO_DRAIN:14,DO_REQ,blue,18 AWG,
315,K_RUN_ARM:53,K_REQ_A:41,DOOR_SIG,blue,18 AWG,
316,K_REQ_A:41,RODENT:E1-MAX.1,DOOR_SIG,blue,18 AWG,
317,K_RUN_ARM:54,K_REQ_A:42,DOOR_GND,blue,18 AWG,
318,K_REQ_A:42,RODENT:E1-MAX.2,DOOR_GND,blue,18 AWG,
319,RODENT:VCC,K2:2,link,blue,18 AWG,
320,K_READY:13,IFB:XM.1,STATUS_READY,blue,18 AWG,
321,K_PERMIT:33,IFB:XM.2,STATUS_PERMIT,blue,18 AWG,
322,K_RDY_R:21,IFB:XM.3,STATUS_RR,blue,18 AWG,
323,K_RDY_P:21,IFB:XM.4,STATUS_PR,blue,18 AWG,
324,K_DIR:23,IFB:XM.8,STATUS_DIR,blue,18 AWG,
325,K_RDY_R:24,K_RDY_P:24,STATUS_COM,blue,18 AWG,
326,K_RDY_P:24,K_READY:14,STATUS_COM,blue,18 AWG,
327,K_READY:14,K_PERMIT:34,STATUS_COM,blue,18 AWG,
328,K_PERMIT:34,K_DIR:24,STATUS_COM,blue,18 AWG,
329,K_DIR:24,IFB:XM.COM,STATUS_COM,blue,18 AWG,
330,SETUP_RUN:14,AUTO_DRAIN:21,RUN_READY,blue,18 AWG,
331,K2:4,VFD:L1,link,blue,18 AWG,
332,K2:6,PLASMA:L1,link,blue,18 AWG,
333,K1:21,RESET:14,RST_1,blue,18 AWG,
334,K1:22,K2:21,RST_2,blue,18 AWG,
335,K_VFD_RUN:13,K_DIR:13,VFD_DIR,blue,18 AWG,
336,K_DIR:13,K_DIR:31,VFD_DIR,blue,18 AWG,jumper on the socket
337,K_RUN_ARM:33,K_VFD_RUN:14,VFD_F1,blue,18 AWG,
338,K_RUN_ARM:34,K_REQ_B:13,VFD_F2,blue,18 AWG,
339,K_RUN_ARM:43,K_TORCH_RUN:14,PLASMA_S1,blue,18 AWG,
340,K_RUN_ARM:44,K_REQ_B:23,PLASMA_S2,blue,18 AWG,
341,K1:2,K2:1,48V_LINK,black,14 AWG,
342,K1:4,K2:3,VFD_L_LINK,black (L) / white (N),12 AWG; 10 AWG plasma,
343,K1:6,K2:5,PLASMA_L_LINK,black (L) / white (N),12 AWG; 10 AWG plasma,
344,XW:7,DRAIN_VALVE:1,FIELD,blue,"18 AWG, or the device cable",
345,XW:8,DRAIN_VALVE:2,FIELD,blue,"18 AWG, or the device cable",
346,XW:11,FLOAT_EMPTY:1,FIELD,blue,"18 AWG, or the device cable",
347,XW:12,FLOAT_EMPTY:2,FIELD,blue,"18 AWG, or the device cable",
348,XW:13,FLOAT_MIN:1,FIELD,blue,"18 AWG, or the device cable",
349,XW:14,FLOAT_MIN:2,FIELD,blue,"18 AWG, or the device cable",
350,XW:15,FLOAT_FILLSTOP:1,FIELD,blue,"18 AWG, or the device cable",
351,XW:16,FLOAT_FILLSTOP:2,FIELD,blue,"18 AWG, or the device cable",
352,XW:17,FLOAT_HH:1,FIELD,blue,"18 AWG, or the device cable",
353,XW:18,FLOAT_HH:2,FIELD,blue,"18 AWG, or the device cable",
354,XW:19,RES_LEVEL:1,FIELD,blue,"18 AWG, or the device cable",
355,XW:20,RES_LEVEL:2,FIELD,blue,"18 AWG, or the device cable",
356,XH:3,DOOR_SW:1,FIELD,blue,"18 AWG, or the device cable",
357,XH:4,DOOR_SW:2,FIELD,blue,"18 AWG, or the device cable",
358,XG:1,LS_ZTOP:13,FIELD,blue,"18 AWG, or the device cable",
359,XG:2,LS_ZTOP:14,FIELD,blue,"18 AWG, or the device cable",
360,XD:1,LS_OUT:11,FIELD,blue,"18 AWG, or the device cable",on the module
361,LS_OUT:12,M_DOCK:M1,FIELD,blue,"18 AWG, or the device cable",
362,D_OUT:K,LS_OUT:11,FIELD,blue,"18 AWG, or the device cable",
363,D_OUT:A,LS_OUT:12,FIELD,blue,"18 AWG, or the device cable",
364,XD:2,LS_IN:11,FIELD,blue,"18 AWG, or the device cable",on the module
365,LS_IN:12,M_DOCK:M2,FIELD,blue,"18 AWG, or the device cable",
366,D_IN:K,LS_IN:11,FIELD,blue,"18 AWG, or the device cable",
367,D_IN:A,LS_IN:12,FIELD,blue,"18 AWG, or the device cable",
368,XD:3,SEN_OUT:BN,FIELD,blue,"18 AWG, or the device cable",on the module
369,XD:4,SEN_OUT:BU,FIELD,blue,"18 AWG, or the device cable",
370,XD:5,SEN_OUT:BK,FIELD,blue,"18 AWG, or the device cable",
371,SEN_OUT:BN,SEN_IN:BN,FIELD,blue,"18 AWG, or the device cable",
372,SEN_OUT:BU,SEN_IN:BU,FIELD,blue,"18 AWG, or the device cable",
373,XD:6,SEN_IN:BK,FIELD,blue,"18 AWG, or the device cable",
374,XG:3,Z_BRAKE:A1,FIELD,blue,"18 AWG, or the device cable",
375,XG:4,Z_BRAKE:A2,FIELD,blue,"18 AWG, or the device cable",
376,XG:5,LED_BAR:+,FIELD,blue,"18 AWG, or the device cable",up the gantry with the Z brake leads
377,XG:6,LED_BAR:-,FIELD,blue,"18 AWG, or the device cable",
378,XD:7,TOOL_SETTER:1,FIELD,blue,"18 AWG, or the device cable",on the module
379,XD:8,TOOL_SETTER:2,FIELD,blue,"18 AWG, or the device cable",
380,CB_CTRL:2,PSU24:L,MAINS,black (L) / white (N),12 AWG; 10 AWG plasma,
381,MAINS:N,PSU24:N,MAINS,black (L) / white (N),12 AWG; 10 AWG plasma,
382,CB_CTRL:2,PSU48:L,MAINS,black (L) / white (N),12 AWG; 10 AWG plasma,
383,MAINS:N,PSU48:N,MAINS,black (L) / white (N),12 AWG; 10 AWG plasma,
384,MAINS:L,CB_CTRL:1,MAINS,black (L) / white (N),12 AWG; 10 AWG plasma,
385,MAINS:L,CB_VFD:1,MAINS,black (L) / white (N),12 AWG; 10 AWG plasma,
386,MAINS:L,CB_PLASMA:1,MAINS,black (L) / white (N),12 AWG; 10 AWG plasma,
387,MAINS:L,CB_PUMP:1,MAINS,black (L) / white (N),12 AWG; 10 AWG plasma,
388,MAINS:N,VFD:L2/N,MAINS,black (L) / white (N),12 AWG; 10 AWG plasma,
389,MAINS:N,PLASMA:N,MAINS,black (L) / white (N),12 AWG; 10 AWG plasma,
390,CB_PUMP:2,P_LIMIT:L1,MAINS,black (L) / white (N),12 AWG; 10 AWG plasma,
391,P_LIMIT:T1,P_CMD:L1,MAINS,black (L) / white (N),12 AWG; 10 AWG plasma,
392,P_CMD:T1,PUMP:L,MAINS,black (L) / white (N),12 AWG; 10 AWG plasma,
393,MAINS:N,PUMP:N,MAINS,black (L) / white (N),12 AWG; 10 AWG plasma,
394,MAINS:PE,PSU24:PE,PE,green/yellow,12 AWG,
395,MAINS:PE,PSU48:PE,PE,green/yellow,12 AWG,
396,MAINS:PE,VFD:PE,PE,green/yellow,12 AWG,
397,MAINS:PE,PLASMA:PE,PE,green/yellow,12 AWG,
398,PSU48:V-,RODENT:GND,48V,black,14 AWG,
399,RODENT:VCC,DCDC:IN+,48V,black,14 AWG,second wire on the Rodent VCC terminal
400,PSU48:V-,DCDC:IN-,48V,black,14 AWG,
401,DCDC:OUT+,RODENT:VMOS.+,VMOS,blue,18 AWG,
402,DCDC:OUT-,RODENT:VMOS.-,VMOS,blue,18 AWG,
403,RODENT:HE1.+,K_DIR:A1,VMOS,blue,18 AWG,"K_DIR coil on the HE1 output; 1N4007 across A1-A2, cathode to A1"
404,RODENT:HE1.-,K_DIR:A2,VMOS,blue,18 AWG,
405,RODENT:HE0.+,MIST:1,VMOS,blue,18 AWG,"1N4007 across the valve, cathode to +"
406,RODENT:HE0.-,MIST:2,VMOS,blue,18 AWG,
407,XH:5,HEADIF:U_HEAD.4,SIGNAL,"blue, shielded pair where noted",20 AWG,
408,XH:6,HEADIF:U_HEAD.3,SIGNAL,"blue, shielded pair where noted",20 AWG,
409,XD:5,IFB:SEN.OUT,SIGNAL,"blue, shielded pair where noted",20 AWG,
410,XD:6,IFB:SEN.IN,SIGNAL,"blue, shielded pair where noted",20 AWG,
411,ARC_SW:1,IFB:ARC.IN,SIGNAL,"blue, shielded pair where noted",20 AWG,
412,ARC_SW:2,IFB:ARC.COM,SIGNAL,"blue, shielded pair where noted",20 AWG,
413,THCAD:FOUT,IFB:THC.IN,SIGNAL,"blue, shielded pair where noted",20 AWG,
414,THCAD:GND,IFB:THC.GND,SIGNAL,"blue, shielded pair where noted",20 AWG,
415,SPEED:OUT+,XVFD:VI,SIGNAL,"blue, shielded pair where noted",20 AWG,
416,SPEED:OUT-,XVFD:ACM,SIGNAL,"blue, shielded pair where noted",20 AWG,
417,XVFD:FWD,VFD:FOR,SIGNAL,"blue, shielded pair where noted",20 AWG,
418,XVFD:REV,VFD:REV,SIGNAL,"blue, shielded pair where noted",20 AWG,
419,XVFD:COM,VFD:DCM,SIGNAL,"blue, shielded pair where noted",20 AWG,
420,XVFD:VI,VFD:VI,SIGNAL,"blue, shielded pair where noted",20 AWG,
421,XVFD:ACM,VFD:ACM,SIGNAL,"blue, shielded pair where noted",20 AWG,
422,XPLASMA:START1,PLASMA:KTS.A1,SIGNAL,"blue, shielded pair where noted",20 AWG,shielded pair
423,XPLASMA:START2,PLASMA:KTS.A2,SIGNAL,"blue, shielded pair where noted",20 AWG,
424,RODENT:CN51.3,IFB:RUN.IN,CTL,grey (controller 3.3/5 V side),22 AWG,
425,RODENT:CN51.2,IFB:RUN.GND,CTL,grey (controller 3.3/5 V side),22 AWG,
426,RODENT:CN52.3,IFB:ARC.OUT,CTL,grey (controller 3.3/5 V side),22 AWG,
427,RODENT:CN53.3,IFB:THC.OUT,CTL,grey (controller 3.3/5 V side),22 AWG,
428,RODENT:OLED.5V,IFB:I2C.5V,CTL,grey (controller 3.3/5 V side),22 AWG,
429,RODENT:OLED.GND,IFB:I2C.GND,CTL,grey (controller 3.3/5 V side),22 AWG,
430,RODENT:OLED.SDA,IFB:I2C.SDA,CTL,grey (controller 3.3/5 V side),22 AWG,
431,RODENT:OLED.SCL,IFB:I2C.SCL,CTL,grey (controller 3.3/5 V side),22 AWG,
432,RODENT:J47.OUT,SPEED:IN+,CTL,grey (controller 3.3/5 V side),22 AWG,
433,RODENT:J47.GND,SPEED:IN-,CTL,grey (controller 3.3/5 V side),22 AWG,
434,LS_ZTOP:11,RODENT:Z-MAX.1,LIMIT,blue,"20 AWG, shielded",
435,LS_ZTOP:12,RODENT:Z-MAX.2,LIMIT,blue,"20 AWG, shielded",
436,LS_X:11,RODENT:X-MAX.1,LIMIT,blue,"20 AWG, shielded",
437,LS_X:12,RODENT:X-MAX.2,LIMIT,blue,"20 AWG, shielded",
438,LS_Y1:11,RODENT:Y-MAX.1,LIMIT,blue,"20 AWG, shielded",
439,LS_Y1:12,RODENT:Y-MAX.2,LIMIT,blue,"20 AWG, shielded",
440,LS_Y2:11,RODENT:E0-MAX.1,LIMIT,blue,"20 AWG, shielded",
441,LS_Y2:12,RODENT:E0-MAX.2,LIMIT,blue,"20 AWG, shielded",
442,HEADIF:U_PROBE.4,RODENT:PROBE.3,PROBE,grey,22 AWG,controller side
443,HEADIF:U_PROBE.3,RODENT:PROBE.1,PROBE,grey,22 AWG,controller side
