id,material,reference_only,stock_x_mm,stock_y_mm,stock_z_mm,local_step,section_dxf,operations_or_limit
FRAME_INNER_1,S235 steel,False,70.0,70.0,12.7,parts/FRAME_INNER_1.step,flat/FRAME_INNER_1.dxf,
FRAME_OUTER_1,S235 steel,False,70.0,70.0,12.7,parts/FRAME_OUTER_1.step,flat/FRAME_OUTER_1.dxf,
FRAME_BOLT_1_0,steel 8.8,True,98.0,13.0,13.0,parts/FRAME_BOLT_1_0.step,,ISO4762 M8x90; unthreaded major-diameter representation
FRAME_COMPRESSION_SLEEVE_1_0,steel,False,44.704,12.0,12.0,parts/FRAME_COMPRESSION_SLEEVE_1_0.step,,Fit internal sleeve before closing chassis tube; sleeve ends bear inside faces. Access and assembly order must be planned before welding the chord.
FRAME_WASHER_1_0,steel,True,1.6,16.0,16.0,parts/FRAME_WASHER_1_0.step,,
FRAME_NUT_1_0,steel 8,True,6.5,13.000000000000005,15.011106998930261,parts/FRAME_NUT_1_0.step,,
FRAME_BOLT_1_1,steel 8.8,True,98.0,13.0,13.0,parts/FRAME_BOLT_1_1.step,,ISO4762 M8x90; unthreaded major-diameter representation
FRAME_COMPRESSION_SLEEVE_1_1,steel,False,44.704,12.0,12.0,parts/FRAME_COMPRESSION_SLEEVE_1_1.step,,Fit internal sleeve before closing chassis tube; sleeve ends bear inside faces. Access and assembly order must be planned before welding the chord.
FRAME_WASHER_1_1,steel,True,1.6,16.0,16.0,parts/FRAME_WASHER_1_1.step,,
FRAME_NUT_1_1,steel 8,True,6.5,13.000000000000005,15.011106998930261,parts/FRAME_NUT_1_1.step,,
FRAME_BOLT_1_2,steel 8.8,True,98.0,13.0,13.0,parts/FRAME_BOLT_1_2.step,,ISO4762 M8x90; unthreaded major-diameter representation
FRAME_COMPRESSION_SLEEVE_1_2,steel,False,44.704,12.0,12.0,parts/FRAME_COMPRESSION_SLEEVE_1_2.step,,Fit internal sleeve before closing chassis tube; sleeve ends bear inside faces. Access and assembly order must be planned before welding the chord.
FRAME_WASHER_1_2,steel,True,1.6,16.0,16.0,parts/FRAME_WASHER_1_2.step,,
FRAME_NUT_1_2,steel 8,True,6.5,13.000000000000005,15.011106998930261,parts/FRAME_NUT_1_2.step,,
FRAME_BOLT_1_3,steel 8.8,True,98.0,13.0,13.0,parts/FRAME_BOLT_1_3.step,,ISO4762 M8x90; unthreaded major-diameter representation
FRAME_COMPRESSION_SLEEVE_1_3,steel,False,44.704,12.0,12.0,parts/FRAME_COMPRESSION_SLEEVE_1_3.step,,Fit internal sleeve before closing chassis tube; sleeve ends bear inside faces. Access and assembly order must be planned before welding the chord.
FRAME_WASHER_1_3,steel,True,1.6,16.0,16.0,parts/FRAME_WASHER_1_3.step,,
FRAME_NUT_1_3,steel 8,True,6.5,13.000000000000005,15.011106998930261,parts/FRAME_NUT_1_3.step,,
OUTER_RISER_1,S235 steel,False,25.40000000000009,50.80000000000001,76.0,parts/OUTER_RISER_1.step,,Square-cut tube; deburr and match frame jig before drilling.
OUTRIGGER_SEAT_1,S235 steel,False,136.6,70.0,12.7,parts/OUTRIGGER_SEAT_1.step,flat/OUTRIGGER_SEAT_1.dxf,Weld to outer riser; dimensioned shim plane supports aluminum frame.
OUTRIGGER_SHIM_1,steel shim,False,40.0,60.0,0.5,parts/OUTRIGGER_SHIM_1.step,flat/OUTRIGGER_SHIM_1.dxf,
FRAME_INNER_2,S235 steel,False,70.0,70.0,12.7,parts/FRAME_INNER_2.step,flat/FRAME_INNER_2.dxf,
FRAME_OUTER_2,S235 steel,False,70.0,70.0,12.7,parts/FRAME_OUTER_2.step,flat/FRAME_OUTER_2.dxf,
FRAME_BOLT_2_0,steel 8.8,True,98.0,13.0,13.0,parts/FRAME_BOLT_2_0.step,,ISO4762 M8x90; unthreaded major-diameter representation
FRAME_COMPRESSION_SLEEVE_2_0,steel,False,44.704,12.0,12.0,parts/FRAME_COMPRESSION_SLEEVE_2_0.step,,Fit internal sleeve before closing chassis tube; sleeve ends bear inside faces. Access and assembly order must be planned before welding the chord.
FRAME_WASHER_2_0,steel,True,1.6,16.0,16.0,parts/FRAME_WASHER_2_0.step,,
FRAME_NUT_2_0,steel 8,True,6.5,13.000000000000005,15.011106998930261,parts/FRAME_NUT_2_0.step,,
FRAME_BOLT_2_1,steel 8.8,True,98.0,13.0,13.0,parts/FRAME_BOLT_2_1.step,,ISO4762 M8x90; unthreaded major-diameter representation
FRAME_COMPRESSION_SLEEVE_2_1,steel,False,44.704,12.0,12.0,parts/FRAME_COMPRESSION_SLEEVE_2_1.step,,Fit internal sleeve before closing chassis tube; sleeve ends bear inside faces. Access and assembly order must be planned before welding the chord.
FRAME_WASHER_2_1,steel,True,1.6,16.0,16.0,parts/FRAME_WASHER_2_1.step,,
FRAME_NUT_2_1,steel 8,True,6.5,13.000000000000005,15.011106998930261,parts/FRAME_NUT_2_1.step,,
FRAME_BOLT_2_2,steel 8.8,True,98.0,13.0,13.0,parts/FRAME_BOLT_2_2.step,,ISO4762 M8x90; unthreaded major-diameter representation
FRAME_COMPRESSION_SLEEVE_2_2,steel,False,44.704,12.0,12.0,parts/FRAME_COMPRESSION_SLEEVE_2_2.step,,Fit internal sleeve before closing chassis tube; sleeve ends bear inside faces. Access and assembly order must be planned before welding the chord.
FRAME_WASHER_2_2,steel,True,1.6,16.0,16.0,parts/FRAME_WASHER_2_2.step,,
FRAME_NUT_2_2,steel 8,True,6.5,13.000000000000005,15.011106998930261,parts/FRAME_NUT_2_2.step,,
FRAME_BOLT_2_3,steel 8.8,True,98.0,13.0,13.0,parts/FRAME_BOLT_2_3.step,,ISO4762 M8x90; unthreaded major-diameter representation
FRAME_COMPRESSION_SLEEVE_2_3,steel,False,44.704,12.0,12.0,parts/FRAME_COMPRESSION_SLEEVE_2_3.step,,Fit internal sleeve before closing chassis tube; sleeve ends bear inside faces. Access and assembly order must be planned before welding the chord.
FRAME_WASHER_2_3,steel,True,1.6,16.0,16.0,parts/FRAME_WASHER_2_3.step,,
FRAME_NUT_2_3,steel 8,True,6.5,13.000000000000005,15.011106998930261,parts/FRAME_NUT_2_3.step,,
OUTER_RISER_2,S235 steel,False,25.40000000000009,50.8,76.0,parts/OUTER_RISER_2.step,,Square-cut tube; deburr and match frame jig before drilling.
OUTRIGGER_SEAT_2,S235 steel,False,136.6,70.0,12.7,parts/OUTRIGGER_SEAT_2.step,flat/OUTRIGGER_SEAT_2.dxf,Weld to outer riser; dimensioned shim plane supports aluminum frame.
OUTRIGGER_SHIM_2,steel shim,False,40.0,60.0,0.5,parts/OUTRIGGER_SHIM_2.step,flat/OUTRIGGER_SHIM_2.dxf,
SUPPORT_LEDGER,6061-T6,False,50.8,810.0,50.8,parts/SUPPORT_LEDGER.step,,Square-cut tube; deburr and match frame jig before drilling.
CANTILEVER_1,6061-T6,False,304.20000000000005,38.10000000000002,50.8,parts/CANTILEVER_1.step,,Square-cut tube; deburr and match frame jig before drilling.
CANTILEVER_2,6061-T6,False,304.20000000000005,38.10000000000002,50.8,parts/CANTILEVER_2.step,,Square-cut tube; deburr and match frame jig before drilling.
OUTRIGGER_COMPRESSION_SLEEVE_0,6061-T6,False,12.0,12.0,44.450000000000045,parts/OUTRIGGER_COMPRESSION_SLEEVE_0.step,,
OUTRIGGER_BOLT_0,steel 8.8,True,10.0,10.0,81.0,parts/OUTRIGGER_BOLT_0.step,,ISO4762 M6x75; unthreaded major-diameter representation
OUTRIGGER_WASHER_0,steel,True,12.0,12.0,1.6000000000000227,parts/OUTRIGGER_WASHER_0.step,,
OUTRIGGER_NUT_0,steel 8,True,10.000000000000007,11.547005383792545,5.0,parts/OUTRIGGER_NUT_0.step,,
OUTRIGGER_COMPRESSION_SLEEVE_1,6061-T6,False,12.0,12.0,44.450000000000045,parts/OUTRIGGER_COMPRESSION_SLEEVE_1.step,,
OUTRIGGER_BOLT_1,steel 8.8,True,10.0,10.0,81.0,parts/OUTRIGGER_BOLT_1.step,,ISO4762 M6x75; unthreaded major-diameter representation
OUTRIGGER_WASHER_1,steel,True,12.0,12.0,1.6000000000000227,parts/OUTRIGGER_WASHER_1.step,,
OUTRIGGER_NUT_1,steel 8,True,10.000000000000007,11.547005383792566,5.0,parts/OUTRIGGER_NUT_1.step,,
OUTRIGGER_COMPRESSION_SLEEVE_2,6061-T6,False,12.0,12.0,44.450000000000045,parts/OUTRIGGER_COMPRESSION_SLEEVE_2.step,,
OUTRIGGER_BOLT_2,steel 8.8,True,10.0,10.0,81.0,parts/OUTRIGGER_BOLT_2.step,,ISO4762 M6x75; unthreaded major-diameter representation
OUTRIGGER_WASHER_2,steel,True,12.0,12.0,1.6000000000000227,parts/OUTRIGGER_WASHER_2.step,,
OUTRIGGER_NUT_2,steel 8,True,10.000000000000007,11.547005383792566,5.0,parts/OUTRIGGER_NUT_2.step,,
OUTRIGGER_COMPRESSION_SLEEVE_3,6061-T6,False,12.0,12.0,44.450000000000045,parts/OUTRIGGER_COMPRESSION_SLEEVE_3.step,,
OUTRIGGER_BOLT_3,steel 8.8,True,10.0,10.0,81.0,parts/OUTRIGGER_BOLT_3.step,,ISO4762 M6x75; unthreaded major-diameter representation
OUTRIGGER_WASHER_3,steel,True,12.0,12.0,1.6000000000000227,parts/OUTRIGGER_WASHER_3.step,,
OUTRIGGER_NUT_3,steel 8,True,10.000000000000007,11.547005383792566,5.0,parts/OUTRIGGER_NUT_3.step,,
BASE_COMPRESSION_SLEEVE_0,6061-T6,False,12.0,12.0,44.450000000000045,parts/BASE_COMPRESSION_SLEEVE_0.step,,
BASE_WASHER_0,steel,True,12.0,12.0,1.6000000000000227,parts/BASE_WASHER_0.step,,
BASE_NUT_0,steel 8,True,10.000000000000007,11.547005383792566,5.0,parts/BASE_NUT_0.step,,
BASE_BOLT_0,steel 8.8,True,10.0,10.0,71.0,parts/BASE_BOLT_0.step,,ISO4762 M6x65; unthreaded major-diameter representation
BASE_COMPRESSION_SLEEVE_1,6061-T6,False,12.0,12.0,44.450000000000045,parts/BASE_COMPRESSION_SLEEVE_1.step,,
BASE_WASHER_1,steel,True,12.0,12.0,1.6000000000000227,parts/BASE_WASHER_1.step,,
BASE_NUT_1,steel 8,True,10.000000000000007,11.547005383792566,5.0,parts/BASE_NUT_1.step,,
BASE_BOLT_1,steel 8.8,True,10.0,10.0,71.0,parts/BASE_BOLT_1.step,,ISO4762 M6x65; unthreaded major-diameter representation
BASE_COMPRESSION_SLEEVE_2,6061-T6,False,12.0,12.0,44.450000000000045,parts/BASE_COMPRESSION_SLEEVE_2.step,,
BASE_WASHER_2,steel,True,12.0,12.0,1.6000000000000227,parts/BASE_WASHER_2.step,,
BASE_NUT_2,steel 8,True,10.000000000000007,11.547005383792566,5.0,parts/BASE_NUT_2.step,,
BASE_BOLT_2,steel 8.8,True,10.0,10.0,71.0,parts/BASE_BOLT_2.step,,ISO4762 M6x65; unthreaded major-diameter representation
BASE_COMPRESSION_SLEEVE_3,6061-T6,False,12.0,12.0,44.450000000000045,parts/BASE_COMPRESSION_SLEEVE_3.step,,
BASE_WASHER_3,steel,True,12.0,12.0,1.6000000000000227,parts/BASE_WASHER_3.step,,
BASE_NUT_3,steel 8,True,10.000000000000007,11.547005383792566,5.0,parts/BASE_NUT_3.step,,
BASE_BOLT_3,steel 8.8,True,10.0,10.0,71.0,parts/BASE_BOLT_3.step,,ISO4762 M6x65; unthreaded major-diameter representation
BASE_COMPRESSION_SLEEVE_4,6061-T6,False,12.0,12.0,44.450000000000045,parts/BASE_COMPRESSION_SLEEVE_4.step,,
BASE_WASHER_4,steel,True,12.0,12.0,1.6000000000000227,parts/BASE_WASHER_4.step,,
BASE_NUT_4,steel 8,True,10.000000000000007,11.547005383792566,5.0,parts/BASE_NUT_4.step,,
BASE_BOLT_4,steel 8.8,True,10.0,10.0,71.0,parts/BASE_BOLT_4.step,,ISO4762 M6x65; unthreaded major-diameter representation
BASE_COMPRESSION_SLEEVE_5,6061-T6,False,12.0,12.0,44.450000000000045,parts/BASE_COMPRESSION_SLEEVE_5.step,,
BASE_WASHER_5,steel,True,12.0,12.0,1.6000000000000227,parts/BASE_WASHER_5.step,,
BASE_NUT_5,steel 8,True,10.000000000000007,11.547005383792566,5.0,parts/BASE_NUT_5.step,,
BASE_BOLT_5,steel 8.8,True,10.0,10.0,71.0,parts/BASE_BOLT_5.step,,ISO4762 M6x65; unthreaded major-diameter representation
BASE_COMPRESSION_SLEEVE_6,6061-T6,False,12.0,12.0,44.450000000000045,parts/BASE_COMPRESSION_SLEEVE_6.step,,
BASE_WASHER_6,steel,True,12.0,12.0,1.6000000000000227,parts/BASE_WASHER_6.step,,
BASE_NUT_6,steel 8,True,10.000000000000007,11.547005383792566,5.0,parts/BASE_NUT_6.step,,
BASE_BOLT_6,steel 8.8,True,10.0,10.0,71.0,parts/BASE_BOLT_6.step,,ISO4762 M6x65; unthreaded major-diameter representation
BASE_COMPRESSION_SLEEVE_7,6061-T6,False,12.0,12.0,44.450000000000045,parts/BASE_COMPRESSION_SLEEVE_7.step,,
BASE_WASHER_7,steel,True,12.0,12.0,1.6000000000000227,parts/BASE_WASHER_7.step,,
BASE_NUT_7,steel 8,True,10.000000000000007,11.547005383792566,5.0,parts/BASE_NUT_7.step,,
BASE_BOLT_7,steel 8.8,True,10.0,10.0,71.0,parts/BASE_BOLT_7.step,,ISO4762 M6x65; unthreaded major-diameter representation
RAIL_BAR_0,6061-T6,False,365.0,50.0,12.7,parts/RAIL_BAR_0.step,flat/RAIL_BAR_0.dxf,M3 rail taps 8 mm; rear motor-foot M5 taps 9 mm; M6 counterbores 6.5 mm; rear tab welded/gusseted before final rail-plane machining if fabricated from separate stock.
RAIL_BAR_1,6061-T6,False,365.0,135.0,12.7,parts/RAIL_BAR_1.step,flat/RAIL_BAR_1.dxf,M3 rail taps 8 mm; rear motor-foot M5 taps 9 mm; M6 counterbores 6.5 mm; rear tab welded/gusseted before final rail-plane machining if fabricated from separate stock.
LOCK_BRIDGE,6061-T6,False,260.0,95.0,12.7,parts/LOCK_BRIDGE.step,flat/LOCK_BRIDGE.dxf,6061 bracket welded to front rail bar; isolated bolted steel lock subplate underneath. Finish bores after welding.
MGNR12_0,purchased HIWIN reference,True,350.0,12.0,8.0,parts/MGNR12_0.step,,"350mm cut:14holes,first10,last15; verify supplied rail end datum."
RAIL_SCREW_0_0,steel 8.8,True,5.5,5.5,13.0,parts/RAIL_SCREW_0_0.step,,ISO4762 M3x10; unthreaded major-diameter representation
RAIL_SCREW_0_1,steel 8.8,True,5.5,5.5,13.0,parts/RAIL_SCREW_0_1.step,,ISO4762 M3x10; unthreaded major-diameter representation
RAIL_SCREW_0_2,steel 8.8,True,5.5,5.5,13.0,parts/RAIL_SCREW_0_2.step,,ISO4762 M3x10; unthreaded major-diameter representation
RAIL_SCREW_0_3,steel 8.8,True,5.5,5.5,13.0,parts/RAIL_SCREW_0_3.step,,ISO4762 M3x10; unthreaded major-diameter representation
RAIL_SCREW_0_4,steel 8.8,True,5.5,5.5,13.0,parts/RAIL_SCREW_0_4.step,,ISO4762 M3x10; unthreaded major-diameter representation
RAIL_SCREW_0_5,steel 8.8,True,5.5,5.5,13.0,parts/RAIL_SCREW_0_5.step,,ISO4762 M3x10; unthreaded major-diameter representation
RAIL_SCREW_0_6,steel 8.8,True,5.5,5.5,13.0,parts/RAIL_SCREW_0_6.step,,ISO4762 M3x10; unthreaded major-diameter representation
RAIL_SCREW_0_7,steel 8.8,True,5.5,5.5,13.0,parts/RAIL_SCREW_0_7.step,,ISO4762 M3x10; unthreaded major-diameter representation
RAIL_SCREW_0_8,steel 8.8,True,5.5,5.5,13.0,parts/RAIL_SCREW_0_8.step,,ISO4762 M3x10; unthreaded major-diameter representation
RAIL_SCREW_0_9,steel 8.8,True,5.5,5.5,13.0,parts/RAIL_SCREW_0_9.step,,ISO4762 M3x10; unthreaded major-diameter representation
RAIL_SCREW_0_10,steel 8.8,True,5.5,5.5,13.0,parts/RAIL_SCREW_0_10.step,,ISO4762 M3x10; unthreaded major-diameter representation
RAIL_SCREW_0_11,steel 8.8,True,5.5,5.5,13.0,parts/RAIL_SCREW_0_11.step,,ISO4762 M3x10; unthreaded major-diameter representation
RAIL_SCREW_0_12,steel 8.8,True,5.5,5.5,13.0,parts/RAIL_SCREW_0_12.step,,ISO4762 M3x10; unthreaded major-diameter representation
RAIL_SCREW_0_13,steel 8.8,True,5.5,5.5,13.0,parts/RAIL_SCREW_0_13.step,,ISO4762 M3x10; unthreaded major-diameter representation
MGN12H_0_0,purchased HIWIN reference,True,45.80000000000018,27.0,10.0,parts/MGN12H_0_0.step,,
MGN12H_0_1,purchased HIWIN reference,True,45.80000000000018,27.0,10.0,parts/MGN12H_0_1.step,,
MGNR12_1,purchased HIWIN reference,True,350.0,12.0,8.0,parts/MGNR12_1.step,,"350mm cut:14holes,first10,last15; verify supplied rail end datum."
RAIL_SCREW_1_0,steel 8.8,True,5.5,5.5,13.0,parts/RAIL_SCREW_1_0.step,,ISO4762 M3x10; unthreaded major-diameter representation
RAIL_SCREW_1_1,steel 8.8,True,5.5,5.5,13.0,parts/RAIL_SCREW_1_1.step,,ISO4762 M3x10; unthreaded major-diameter representation
RAIL_SCREW_1_2,steel 8.8,True,5.5,5.5,13.0,parts/RAIL_SCREW_1_2.step,,ISO4762 M3x10; unthreaded major-diameter representation
RAIL_SCREW_1_3,steel 8.8,True,5.5,5.5,13.0,parts/RAIL_SCREW_1_3.step,,ISO4762 M3x10; unthreaded major-diameter representation
RAIL_SCREW_1_4,steel 8.8,True,5.5,5.5,13.0,parts/RAIL_SCREW_1_4.step,,ISO4762 M3x10; unthreaded major-diameter representation
RAIL_SCREW_1_5,steel 8.8,True,5.5,5.5,13.0,parts/RAIL_SCREW_1_5.step,,ISO4762 M3x10; unthreaded major-diameter representation
RAIL_SCREW_1_6,steel 8.8,True,5.5,5.5,13.0,parts/RAIL_SCREW_1_6.step,,ISO4762 M3x10; unthreaded major-diameter representation
RAIL_SCREW_1_7,steel 8.8,True,5.5,5.5,13.0,parts/RAIL_SCREW_1_7.step,,ISO4762 M3x10; unthreaded major-diameter representation
RAIL_SCREW_1_8,steel 8.8,True,5.5,5.5,13.0,parts/RAIL_SCREW_1_8.step,,ISO4762 M3x10; unthreaded major-diameter representation
RAIL_SCREW_1_9,steel 8.8,True,5.5,5.5,13.0,parts/RAIL_SCREW_1_9.step,,ISO4762 M3x10; unthreaded major-diameter representation
RAIL_SCREW_1_10,steel 8.8,True,5.5,5.5,13.0,parts/RAIL_SCREW_1_10.step,,ISO4762 M3x10; unthreaded major-diameter representation
RAIL_SCREW_1_11,steel 8.8,True,5.5,5.5,13.0,parts/RAIL_SCREW_1_11.step,,ISO4762 M3x10; unthreaded major-diameter representation
RAIL_SCREW_1_12,steel 8.8,True,5.5,5.5,13.0,parts/RAIL_SCREW_1_12.step,,ISO4762 M3x10; unthreaded major-diameter representation
RAIL_SCREW_1_13,steel 8.8,True,5.5,5.5,13.0,parts/RAIL_SCREW_1_13.step,,ISO4762 M3x10; unthreaded major-diameter representation
MGN12H_1_0,purchased HIWIN reference,True,45.80000000000018,27.0,10.0,parts/MGN12H_1_0.step,,
MGN12H_1_1,purchased HIWIN reference,True,45.80000000000018,27.0,10.0,parts/MGN12H_1_1.step,,
CARRIAGE,6061-T6,False,160.0,670.0,12.7,parts/CARRIAGE.step,flat/CARRIAGE.dxf,M5 nut-foot taps 9 mm from top; nominal major-diameter cavities. M3 head counterbores 3.5 mm leave 0.7 mm nominal bolt-bottom clearance.
BLOCK_SCREW_0,steel 8.8,True,5.5,5.5,15.0,parts/BLOCK_SCREW_0.step,,ISO4762 M3x12; unthreaded major-diameter representation
BLOCK_SCREW_1,steel 8.8,True,5.5,5.5,15.0,parts/BLOCK_SCREW_1.step,,ISO4762 M3x12; unthreaded major-diameter representation
BLOCK_SCREW_2,steel 8.8,True,5.5,5.5,15.0,parts/BLOCK_SCREW_2.step,,ISO4762 M3x12; unthreaded major-diameter representation
BLOCK_SCREW_3,steel 8.8,True,5.5,5.5,15.0,parts/BLOCK_SCREW_3.step,,ISO4762 M3x12; unthreaded major-diameter representation
BLOCK_SCREW_4,steel 8.8,True,5.5,5.5,15.0,parts/BLOCK_SCREW_4.step,,ISO4762 M3x12; unthreaded major-diameter representation
BLOCK_SCREW_5,steel 8.8,True,5.5,5.5,15.0,parts/BLOCK_SCREW_5.step,,ISO4762 M3x12; unthreaded major-diameter representation
BLOCK_SCREW_6,steel 8.8,True,5.5,5.5,15.0,parts/BLOCK_SCREW_6.step,,ISO4762 M3x12; unthreaded major-diameter representation
BLOCK_SCREW_7,steel 8.8,True,5.5,5.5,15.0,parts/BLOCK_SCREW_7.step,,ISO4762 M3x12; unthreaded major-diameter representation
BLOCK_SCREW_8,steel 8.8,True,5.5,5.5,15.0,parts/BLOCK_SCREW_8.step,,ISO4762 M3x12; unthreaded major-diameter representation
BLOCK_SCREW_9,steel 8.8,True,5.5,5.5,15.0,parts/BLOCK_SCREW_9.step,,ISO4762 M3x12; unthreaded major-diameter representation
BLOCK_SCREW_10,steel 8.8,True,5.5,5.5,15.0,parts/BLOCK_SCREW_10.step,,ISO4762 M3x12; unthreaded major-diameter representation
BLOCK_SCREW_11,steel 8.8,True,5.5,5.5,15.0,parts/BLOCK_SCREW_11.step,,ISO4762 M3x12; unthreaded major-diameter representation
BLOCK_SCREW_12,steel 8.8,True,5.5,5.5,15.0,parts/BLOCK_SCREW_12.step,,ISO4762 M3x12; unthreaded major-diameter representation
BLOCK_SCREW_13,steel 8.8,True,5.5,5.5,15.0,parts/BLOCK_SCREW_13.step,,ISO4762 M3x12; unthreaded major-diameter representation
BLOCK_SCREW_14,steel 8.8,True,5.5,5.5,15.0,parts/BLOCK_SCREW_14.step,,ISO4762 M3x12; unthreaded major-diameter representation
BLOCK_SCREW_15,steel 8.8,True,5.5,5.5,15.0,parts/BLOCK_SCREW_15.step,,ISO4762 M3x12; unthreaded major-diameter representation
CARRIAGE_LOCK_BUSH_470.0,bearing bronze,False,12.0,12.0,12.700000000000045,parts/CARRIAGE_LOCK_BUSH_470.0.step,,Press fit outer12; ream ID6.04; endpoint pin enters4mm from underside.
CARRIAGE_LOCK_BUSH_530.0,bearing bronze,False,12.0,12.0,12.700000000000045,parts/CARRIAGE_LOCK_BUSH_530.0.step,,Press fit outer12; ream ID6.04; endpoint pin enters4mm from underside.
ADAPTER_STAND_L_0,6061-T6,False,40.0,30.0,40.0,parts/ADAPTER_STAND_L_0.step,flat/ADAPTER_STAND_L_0.dxf,"M5 blind taps15mm at each end, separated by10mm solid web; nominal major-diameter thread cavities."
STAND_LOWER_L_0_0,steel 8.8,True,8.5,8.5,30.0,parts/STAND_LOWER_L_0_0.step,,ISO4762 M5x25; unthreaded major-diameter representation
STAND_UPPER_L_0_0,steel 8.8,True,8.5,8.5,17.0,parts/STAND_UPPER_L_0_0.step,,ISO4762 M5x12; unthreaded major-diameter representation
STAND_LOWER_L_0_1,steel 8.8,True,8.5,8.5,30.0,parts/STAND_LOWER_L_0_1.step,,ISO4762 M5x25; unthreaded major-diameter representation
STAND_UPPER_L_0_1,steel 8.8,True,8.5,8.5,17.0,parts/STAND_UPPER_L_0_1.step,,ISO4762 M5x12; unthreaded major-diameter representation
ADAPTER_STAND_L_1,6061-T6,False,40.0,30.0,40.0,parts/ADAPTER_STAND_L_1.step,flat/ADAPTER_STAND_L_1.dxf,"M5 blind taps15mm at each end, separated by10mm solid web; nominal major-diameter thread cavities."
STAND_LOWER_L_1_0,steel 8.8,True,8.5,8.5,30.0,parts/STAND_LOWER_L_1_0.step,,ISO4762 M5x25; unthreaded major-diameter representation
STAND_UPPER_L_1_0,steel 8.8,True,8.5,8.5,17.0,parts/STAND_UPPER_L_1_0.step,,ISO4762 M5x12; unthreaded major-diameter representation
STAND_LOWER_L_1_1,steel 8.8,True,8.5,8.5,30.0,parts/STAND_LOWER_L_1_1.step,,ISO4762 M5x25; unthreaded major-diameter representation
STAND_UPPER_L_1_1,steel 8.8,True,8.5,8.5,17.0,parts/STAND_UPPER_L_1_1.step,,ISO4762 M5x12; unthreaded major-diameter representation
ADAPTER_STAND_L_2,6061-T6,False,40.0,30.0,40.0,parts/ADAPTER_STAND_L_2.step,flat/ADAPTER_STAND_L_2.dxf,"M5 blind taps15mm at each end, separated by10mm solid web; nominal major-diameter thread cavities."
STAND_LOWER_L_2_0,steel 8.8,True,8.5,8.5,30.0,parts/STAND_LOWER_L_2_0.step,,ISO4762 M5x25; unthreaded major-diameter representation
STAND_UPPER_L_2_0,steel 8.8,True,8.5,8.5,17.0,parts/STAND_UPPER_L_2_0.step,,ISO4762 M5x12; unthreaded major-diameter representation
STAND_LOWER_L_2_1,steel 8.8,True,8.5,8.5,30.0,parts/STAND_LOWER_L_2_1.step,,ISO4762 M5x25; unthreaded major-diameter representation
STAND_UPPER_L_2_1,steel 8.8,True,8.5,8.5,17.0,parts/STAND_UPPER_L_2_1.step,,ISO4762 M5x12; unthreaded major-diameter representation
MAGAZINE_ADAPTER_BLANK_L,6061-T6,False,40.0,600.0,6.35,parts/MAGAZINE_ADAPTER_BLANK_L.step,flat/MAGAZINE_ADAPTER_BLANK_L.dxf,M5x12 heads sit flush in9mm counterbores5mm deep; structural fastening modeled; manufacturer magazine mounting pattern intentionally undrilled. Central40mm gap preserves tool path.
ADAPTER_STAND_R_0,6061-T6,False,40.0,30.0,40.0,parts/ADAPTER_STAND_R_0.step,flat/ADAPTER_STAND_R_0.dxf,"M5 blind taps15mm at each end, separated by10mm solid web; nominal major-diameter thread cavities."
STAND_LOWER_R_0_0,steel 8.8,True,8.5,8.5,30.0,parts/STAND_LOWER_R_0_0.step,,ISO4762 M5x25; unthreaded major-diameter representation
STAND_UPPER_R_0_0,steel 8.8,True,8.5,8.5,17.0,parts/STAND_UPPER_R_0_0.step,,ISO4762 M5x12; unthreaded major-diameter representation
STAND_LOWER_R_0_1,steel 8.8,True,8.5,8.5,30.0,parts/STAND_LOWER_R_0_1.step,,ISO4762 M5x25; unthreaded major-diameter representation
STAND_UPPER_R_0_1,steel 8.8,True,8.5,8.5,17.0,parts/STAND_UPPER_R_0_1.step,,ISO4762 M5x12; unthreaded major-diameter representation
ADAPTER_STAND_R_1,6061-T6,False,40.0,30.0,40.0,parts/ADAPTER_STAND_R_1.step,flat/ADAPTER_STAND_R_1.dxf,"M5 blind taps15mm at each end, separated by10mm solid web; nominal major-diameter thread cavities."
STAND_LOWER_R_1_0,steel 8.8,True,8.5,8.5,30.0,parts/STAND_LOWER_R_1_0.step,,ISO4762 M5x25; unthreaded major-diameter representation
STAND_UPPER_R_1_0,steel 8.8,True,8.5,8.5,17.0,parts/STAND_UPPER_R_1_0.step,,ISO4762 M5x12; unthreaded major-diameter representation
STAND_LOWER_R_1_1,steel 8.8,True,8.5,8.5,30.0,parts/STAND_LOWER_R_1_1.step,,ISO4762 M5x25; unthreaded major-diameter representation
STAND_UPPER_R_1_1,steel 8.8,True,8.5,8.5,17.0,parts/STAND_UPPER_R_1_1.step,,ISO4762 M5x12; unthreaded major-diameter representation
ADAPTER_STAND_R_2,6061-T6,False,40.0,30.0,40.0,parts/ADAPTER_STAND_R_2.step,flat/ADAPTER_STAND_R_2.dxf,"M5 blind taps15mm at each end, separated by10mm solid web; nominal major-diameter thread cavities."
STAND_LOWER_R_2_0,steel 8.8,True,8.5,8.5,30.0,parts/STAND_LOWER_R_2_0.step,,ISO4762 M5x25; unthreaded major-diameter representation
STAND_UPPER_R_2_0,steel 8.8,True,8.5,8.5,17.0,parts/STAND_UPPER_R_2_0.step,,ISO4762 M5x12; unthreaded major-diameter representation
STAND_LOWER_R_2_1,steel 8.8,True,8.5,8.5,30.0,parts/STAND_LOWER_R_2_1.step,,ISO4762 M5x25; unthreaded major-diameter representation
STAND_UPPER_R_2_1,steel 8.8,True,8.5,8.5,17.0,parts/STAND_UPPER_R_2_1.step,,ISO4762 M5x12; unthreaded major-diameter representation
MAGAZINE_ADAPTER_BLANK_R,6061-T6,False,40.0,600.0,6.35,parts/MAGAZINE_ADAPTER_BLANK_R.step,flat/MAGAZINE_ADAPTER_BLANK_R.dxf,M5x12 heads sit flush in9mm counterbores5mm deep; structural fastening modeled; manufacturer magazine mounting pattern intentionally undrilled. Central40mm gap preserves tool path.
SLIDE_MOTOR,purchased stepper,True,348.0,42.30000000000007,42.3,parts/SLIDE_MOTOR.step,,
MOTOR_FOOT,6061-T6,False,44.0,64.0,8.0,parts/MOTOR_FOOT.step,flat/MOTOR_FOOT.dxf,
MOTOR_UPRIGHT,6061-T6,False,64.0,75.7,8.0,parts/MOTOR_UPRIGHT.step,flat/MOTOR_UPRIGHT.dxf,Weld to motor foot after jigging31mm pattern; post-weld inspect pilot and screw axis.
MOTOR_FOOT_BOLT_0,steel 8.8,True,8.5,8.5,21.0,parts/MOTOR_FOOT_BOLT_0.step,,ISO4762 M5x16; unthreaded major-diameter representation
MOTOR_FOOT_BOLT_1,steel 8.8,True,8.5,8.5,21.0,parts/MOTOR_FOOT_BOLT_1.step,,ISO4762 M5x16; unthreaded major-diameter representation
MOTOR_FOOT_BOLT_2,steel 8.8,True,8.5,8.5,21.0,parts/MOTOR_FOOT_BOLT_2.step,,ISO4762 M5x16; unthreaded major-diameter representation
MOTOR_FOOT_BOLT_3,steel 8.8,True,8.5,8.5,21.0,parts/MOTOR_FOOT_BOLT_3.step,,ISO4762 M5x16; unthreaded major-diameter representation
MOTOR_FACE_BOLT_0,steel 8.8,True,15.0,5.5,5.5,parts/MOTOR_FACE_BOLT_0.step,,ISO4762 M3x12; unthreaded major-diameter representation
MOTOR_FACE_BOLT_1,steel 8.8,True,15.0,5.5,5.5,parts/MOTOR_FACE_BOLT_1.step,,ISO4762 M3x12; unthreaded major-diameter representation
MOTOR_FACE_BOLT_2,steel 8.8,True,15.0,5.5,5.5,parts/MOTOR_FACE_BOLT_2.step,,ISO4762 M3x12; unthreaded major-diameter representation
MOTOR_FACE_BOLT_3,steel 8.8,True,15.0,5.5,5.5,parts/MOTOR_FACE_BOLT_3.step,,ISO4762 M3x12; unthreaded major-diameter representation
NUT_CARRIER_FOOT,6061-T6,False,40.0,60.0,8.0,parts/NUT_CARRIER_FOOT.step,flat/NUT_CARRIER_FOOT.dxf,
NUT_CARRIER_UPRIGHT,6061-T6,False,40.0,42.0,8.0,parts/NUT_CARRIER_UPRIGHT.step,flat/NUT_CARRIER_UPRIGHT.dxf,Weld to nut foot before final three-hole nut pattern inspection.
SLIDE_NUT,purchased POM nut,True,11.0,25.400000000000045,25.4,parts/SLIDE_NUT.step,,
NUT_FOOT_BOLT_0,steel 8.8,True,8.5,8.5,21.0,parts/NUT_FOOT_BOLT_0.step,,ISO4762 M5x16; unthreaded major-diameter representation
NUT_FOOT_BOLT_1,steel 8.8,True,8.5,8.5,21.0,parts/NUT_FOOT_BOLT_1.step,,ISO4762 M5x16; unthreaded major-diameter representation
NUT_FOOT_BOLT_2,steel 8.8,True,8.5,8.5,21.0,parts/NUT_FOOT_BOLT_2.step,,ISO4762 M5x16; unthreaded major-diameter representation
NUT_FOOT_BOLT_3,steel 8.8,True,8.5,8.5,21.0,parts/NUT_FOOT_BOLT_3.step,,ISO4762 M5x16; unthreaded major-diameter representation
NUT_FLANGE_BOLT_0,steel 8.8,True,19.0,5.5,5.5,parts/NUT_FLANGE_BOLT_0.step,,ISO4762 M3x16; unthreaded major-diameter representation
NUT_FLANGE_NUT_0,steel 8,True,2.400000000000091,5.500000000000002,6.350852961085853,parts/NUT_FLANGE_NUT_0.step,,
NUT_FLANGE_BOLT_1,steel 8.8,True,19.0,5.5,5.5,parts/NUT_FLANGE_BOLT_1.step,,ISO4762 M3x16; unthreaded major-diameter representation
NUT_FLANGE_NUT_1,steel 8,True,2.400000000000091,5.500000000000002,6.350852961085853,parts/NUT_FLANGE_NUT_1.step,,
NUT_FLANGE_BOLT_2,steel 8.8,True,19.0,5.5,5.5,parts/NUT_FLANGE_BOLT_2.step,,ISO4762 M3x16; unthreaded major-diameter representation
NUT_FLANGE_NUT_2,steel 8,True,2.400000000000091,5.500000000000002,6.350852961085853,parts/NUT_FLANGE_NUT_2.step,,
LOCK_STEEL_SUBPLATE,S235 steel,False,259.2,95.0,4.0,parts/LOCK_STEEL_SUBPLATE.step,flat/LOCK_STEEL_SUBPLATE.dxf,Bolted steel lock module; thin isolating compound between steel and aluminum; weld internals before bolting.
LOCK_MODULE_BOLT_0,steel 8.8,True,8.5,8.5,30.0,parts/LOCK_MODULE_BOLT_0.step,,ISO4762 M5x25; unthreaded major-diameter representation
LOCK_MODULE_NUT_0,steel 8,True,8.000000000000004,9.23760430703399,4.0,parts/LOCK_MODULE_NUT_0.step,,
LOCK_MODULE_BOLT_1,steel 8.8,True,8.5,8.5,30.0,parts/LOCK_MODULE_BOLT_1.step,,ISO4762 M5x25; unthreaded major-diameter representation
LOCK_MODULE_NUT_1,steel 8,True,8.000000000000004,9.23760430703399,4.0,parts/LOCK_MODULE_NUT_1.step,,
LOCK_MODULE_BOLT_2,steel 8.8,True,8.5,8.5,30.0,parts/LOCK_MODULE_BOLT_2.step,,ISO4762 M5x25; unthreaded major-diameter representation
LOCK_MODULE_NUT_2,steel 8,True,8.000000000000004,9.23760430703399,4.0,parts/LOCK_MODULE_NUT_2.step,,
LOCK_MODULE_BOLT_3,steel 8.8,True,8.5,8.5,30.0,parts/LOCK_MODULE_BOLT_3.step,,ISO4762 M5x25; unthreaded major-diameter representation
LOCK_MODULE_NUT_3,steel 8,True,8.000000000000004,9.23760430703399,4.0,parts/LOCK_MODULE_NUT_3.step,,
DOCK0_GUIDE_CAP,S235 steel,False,40.0,20.0,11.0,parts/DOCK0_GUIDE_CAP.step,flat/DOCK0_GUIDE_CAP.dxf,
DOCK0_CAP_BOLT_0,steel 8.8,True,7.0,7.0,18.0,parts/DOCK0_CAP_BOLT_0.step,,ISO4762 M4x14; unthreaded major-diameter representation
DOCK0_CAP_BOLT_1,steel 8.8,True,7.0,7.0,18.0,parts/DOCK0_CAP_BOLT_1.step,,ISO4762 M4x14; unthreaded major-diameter representation
DOCK0_GUIDE_BUSH,bronze,False,12.0,12.0,23.700000000000045,parts/DOCK0_GUIDE_BUSH.step,,"OD12 press fit, ream6.04 after installation; sliding dry-film lubrication."
DOCK0_EXTENSION_STOP,steel,False,9.0,9.0,6.0,parts/DOCK0_EXTENSION_STOP.step,,"Welded tube stop bears on integral8mm collar at s=0, setting2mm leaf preload and6mm maximum airgap."
DOCK0_PIN,ground steel,False,61.0000001,24.000000100077663,64.70000000000005,parts/DOCK0_PIN.step,,"Ø6 shaft;4mm engagement,2mm released clearance; integral follower collar. Welded1mm-web endpoint flag; jig after grinding bearing section."
DOCK0_FOLLOWER,hardened steel,False,4.0,18.0,4.0,parts/DOCK0_FOLLOWER.step,,Ø4 cross pin; end retention by welded/swaged thin heads after serviceable assembly.
DOCK0_FOLLOWER_HEAD_460.5,steel,False,5.400000000000046,0.5,5.4,parts/DOCK0_FOLLOWER_HEAD_460.5.step,,
DOCK0_FOLLOWER_HEAD_479.0,steel,False,5.400000000000046,0.5,5.4,parts/DOCK0_FOLLOWER_HEAD_479.0.step,,
DOCK0_CAM_F,S235 steel,False,44.0,4.0,34.0,parts/DOCK0_CAM_F.step,,"44x34x4; slot center1580/715,45deg between1570/705 and1590/725."
DOCK0_CAM_R,S235 steel,False,44.0,4.0,34.0,parts/DOCK0_CAM_R.step,,"44x34x4; slot center1580/715,45deg between1570/705 and1590/725."
DOCK0_CAM_BRIDGE,steel,False,20.0,10.0,12.0,parts/DOCK0_CAM_BRIDGE.step,,Weld across fork plates; jig slot alignment.
DOCK0_CLEVIS_TONGUE,steel,False,8.200000000000045,4.0,7.0,parts/DOCK0_CLEVIS_TONGUE.step,,4mm tongue fits sourced4.826mm fork; assembled axial clearance must be inspected.
DOCK0_CLEVIS_PIN,steel,False,3.2,12.0,3.2,parts/DOCK0_CLEVIS_PIN.step,,
DOCK0_CLEVIS_RETAINER_463.5,steel,False,4.800000000000091,0.5,4.800000000000001,parts/DOCK0_CLEVIS_RETAINER_463.5.step,,Swaged retaining head; pin installed before swaging.
DOCK0_CLEVIS_RETAINER_476.0,steel,False,4.800000000000091,0.5,4.800000000000001,parts/DOCK0_CLEVIS_RETAINER_476.0.step,,Swaged retaining head; pin installed before swaging.
DOCK0_CAM_HANGER_458.8,S235 steel,False,20.0,39.8,2.0,parts/DOCK0_CAM_HANGER_458.8.step,flat/DOCK0_CAM_HANGER_458.8.dxf,Weld top edge to lock bridge; slot cage is open for cam service.
DOCK0_CAM_HANGER_479.2,S235 steel,False,20.0,39.8,2.0,parts/DOCK0_CAM_HANGER_479.2.step,flat/DOCK0_CAM_HANGER_479.2.dxf,Weld top edge to lock bridge; slot cage is open for cam service.
"DOCK0_CAM_GIB_(692.8, 460.8)",bronze,False,20.0,4.2,2.0,"parts/DOCK0_CAM_GIB_(692.8, 460.8).step",,Braze bronze wear strip to cage;20mm support length.
"DOCK0_CAM_GIB_(692.8, 475.0)",bronze,False,20.0,4.2,2.0,"parts/DOCK0_CAM_GIB_(692.8, 475.0).step",,Braze bronze wear strip to cage;20mm support length.
"DOCK0_CAM_GIB_(729.2, 460.8)",bronze,False,20.0,4.2,1.8,"parts/DOCK0_CAM_GIB_(729.2, 460.8).step",,Braze bronze wear strip to cage;20mm support length.
"DOCK0_CAM_GIB_(729.2, 475.0)",bronze,False,20.0,4.2,1.8,"parts/DOCK0_CAM_GIB_(729.2, 475.0).step",,Braze bronze wear strip to cage;20mm support length.
DOCK0_SOLENOID,Delta DSOL-1151-24C,True,49.98720000000003,28.956000000000017,24.993600000000015,parts/DOCK0_SOLENOID.step,,
DOCK0_PLUNGER,Delta plunger,True,38.52600020000007,10.998200200000054,10.9982002,parts/DOCK0_PLUNGER.step,,
DOCK0_BODY_STRAP_0,steel,False,6.0,36.95600000000005,37.49680000000001,parts/DOCK0_BODY_STRAP_0.step,,Fabricated clamp welded to bridge; clamp preload/coil cooling and terminal location require delivered-part confirmation.
DOCK0_BODY_STRAP_1,steel,False,10.0,36.95600000000006,37.49680000000001,parts/DOCK0_BODY_STRAP_1.step,,"Fabricated clamp welded to bridge; clamp preload/coil cooling and terminal location require delivered-part confirmation. Integral or welded rear roof boss, 10 x 22 x 8 mm, with two M3 blind taps 8 mm deep from the rear axial face. Nominal major-diameter thread representation; drill/tap per material and inspect depth."
DOCK0_BODY_END_FRONT,S235 steel,False,28.956,28.9936,4.0,parts/DOCK0_BODY_END_FRONT.step,flat/DOCK0_BODY_END_FRONT.dxf,Fixed positive axial front stop; weld to front saddle tie. Plunger passes through the 11.5 mm bore.
DOCK0_BODY_END_REAR,S235 steel,False,28.956,34.9936,4.0,parts/DOCK0_BODY_END_REAR.step,flat/DOCK0_BODY_END_REAR.dxf,"Removable 4 mm axial service cap. Two M3x10 screws give 6 mm engagement in 8 mm blind taps, 2 mm bottom margin. Disconnect leads and remove this cap, then withdraw the coil axially toward this end; guided plunger remains linked. Delivered internal retention and terminals require inspection."
DOCK0_END_TIE_F,S235 steel,False,4.0,28.956000000000017,2.0,parts/DOCK0_END_TIE_F.step,,Weld tie between fixed front endplate and saddle base.
DOCK0_END_CAP_BOLT_0,steel 8.8,True,13.0,5.5,5.5,parts/DOCK0_END_CAP_BOLT_0.step,,ISO4762 M3x10; unthreaded major-diameter representation
DOCK0_END_CAP_BOLT_1,steel 8.8,True,13.0,5.5,5.5,parts/DOCK0_END_CAP_BOLT_1.step,,ISO4762 M3x10; unthreaded major-diameter representation
DOCK0_BODY_SIDE_KEEPER,S235 steel,False,42.0,4.0,24.9936,parts/DOCK0_BODY_SIDE_KEEPER.step,flat/DOCK0_BODY_SIDE_KEEPER.dxf,Inset removable side keeper; two vertical M3x10 captive-head screws into 10 mm blind taps. Coil is retained geometrically; no friction-clamp force assumed. Leave keeper installed during axial coil service.
DOCK0_KEEPER_BOLT_0,steel 8.8,True,5.5,5.5,13.0,parts/DOCK0_KEEPER_BOLT_0.step,,ISO4762 M3x10; unthreaded major-diameter representation
DOCK0_KEEPER_BOLT_1,steel 8.8,True,5.5,5.5,13.0,parts/DOCK0_KEEPER_BOLT_1.step,,ISO4762 M3x10; unthreaded major-diameter representation
DOCK0_RETURN_LEAF,301 full-hard spring steel,False,10.0,56.0,2.25,parts/DOCK0_RETURN_LEAF.step,,"40x10x0.25 working cantilever plus6 flat contact tip and10 clamp tail;2mm preload+6travel. Ideal0.236..0.942N,362MPa. Curved analytic shape approximates local compliant contact; temper/fatigue held."
DOCK0_SPRING_ROOT,S235 steel,False,10.0,10.0,29.0,parts/DOCK0_SPRING_ROOT.step,flat/DOCK0_SPRING_ROOT.dxf,Weld upper face to lock module; leaf clamped below with M3.
DOCK0_SPRING_CLAMP,S235 steel,False,10.0,10.0,2.0,parts/DOCK0_SPRING_CLAMP.step,flat/DOCK0_SPRING_CLAMP.dxf,
DOCK0_SPRING_CLAMP_BOLT,steel 8.8,True,5.5,5.5,13.0,parts/DOCK0_SPRING_CLAMP_BOLT.step,,ISO4762 M3x10; unthreaded major-diameter representation
DOCK0_SENSOR_ENGAGED,Panasonic PM-U25-P,True,13.400000000000091,6.0,16.0,parts/DOCK0_SENSOR_ENGAGED.step,,Sourced U-slot body; cable route and fouling qualification remain open.
DOCK0_SENSOR_BRACKET_ENGAGED,S235 steel,False,15.0,16.5,3.0,parts/DOCK0_SENSOR_BRACKET_ENGAGED.step,flat/DOCK0_SENSOR_BRACKET_ENGAGED.dxf,Weld top to module underside/extension. Actual sensor mounting holes8mm pitch.
DOCK0_SENSOR_BOLT_ENGAGED0,steel 8.8,True,5.5,15.0,5.5,parts/DOCK0_SENSOR_BOLT_ENGAGED0.step,,ISO4762 M3x12; unthreaded major-diameter representation
DOCK0_SENSOR_NUT_ENGAGED0,steel 8,True,5.500000000000002,2.4,6.350852961085853,parts/DOCK0_SENSOR_NUT_ENGAGED0.step,,
DOCK0_SENSOR_BOLT_ENGAGED1,steel 8.8,True,5.5,15.0,5.5,parts/DOCK0_SENSOR_BOLT_ENGAGED1.step,,ISO4762 M3x12; unthreaded major-diameter representation
DOCK0_SENSOR_NUT_ENGAGED1,steel 8,True,5.500000000000002,2.4,6.350852961085853,parts/DOCK0_SENSOR_NUT_ENGAGED1.step,,
DOCK0_SENSOR_RELEASED,Panasonic PM-U25-P,True,13.400000000000091,6.0,16.0,parts/DOCK0_SENSOR_RELEASED.step,,Sourced U-slot body; cable route and fouling qualification remain open.
DOCK0_SENSOR_BRACKET_RELEASED,S235 steel,False,15.0,45.5,3.0,parts/DOCK0_SENSOR_BRACKET_RELEASED.step,flat/DOCK0_SENSOR_BRACKET_RELEASED.dxf,Weld top to module underside/extension. Actual sensor mounting holes8mm pitch.
DOCK0_SENSOR_BOLT_RELEASED0,steel 8.8,True,5.5,15.0,5.5,parts/DOCK0_SENSOR_BOLT_RELEASED0.step,,ISO4762 M3x12; unthreaded major-diameter representation
DOCK0_SENSOR_NUT_RELEASED0,steel 8,True,5.500000000000002,2.4,6.350852961085853,parts/DOCK0_SENSOR_NUT_RELEASED0.step,,
DOCK0_SENSOR_BOLT_RELEASED1,steel 8.8,True,5.5,15.0,5.5,parts/DOCK0_SENSOR_BOLT_RELEASED1.step,,ISO4762 M3x12; unthreaded major-diameter representation
DOCK0_SENSOR_NUT_RELEASED1,steel 8,True,5.500000000000002,2.4,6.350852961085853,parts/DOCK0_SENSOR_NUT_RELEASED1.step,,
DOCK0_SENSOR_BRIDGE,S235 steel,False,35.0,12.0,4.0,parts/DOCK0_SENSOR_BRIDGE.step,flat/DOCK0_SENSOR_BRIDGE.dxf,Weld edge to underside lock subplate; sensor backplates join beneath.
DOCK1_GUIDE_CAP,S235 steel,False,40.0,20.0,11.0,parts/DOCK1_GUIDE_CAP.step,flat/DOCK1_GUIDE_CAP.dxf,
DOCK1_CAP_BOLT_0,steel 8.8,True,7.0,7.0,18.0,parts/DOCK1_CAP_BOLT_0.step,,ISO4762 M4x14; unthreaded major-diameter representation
DOCK1_CAP_BOLT_1,steel 8.8,True,7.0,7.0,18.0,parts/DOCK1_CAP_BOLT_1.step,,ISO4762 M4x14; unthreaded major-diameter representation
DOCK1_GUIDE_BUSH,bronze,False,12.0,12.0,23.700000000000045,parts/DOCK1_GUIDE_BUSH.step,,"OD12 press fit, ream6.04 after installation; sliding dry-film lubrication."
DOCK1_EXTENSION_STOP,steel,False,9.0,9.0,6.0,parts/DOCK1_EXTENSION_STOP.step,,"Welded tube stop bears on integral8mm collar at s=0, setting2mm leaf preload and6mm maximum airgap."
DOCK1_PIN,ground steel,False,61.0000001,24.000000100077667,64.70000000000005,parts/DOCK1_PIN.step,,"Ø6 shaft;4mm engagement,2mm released clearance; integral follower collar. Welded1mm-web endpoint flag; jig after grinding bearing section."
DOCK1_FOLLOWER,hardened steel,False,4.0,18.0,4.0,parts/DOCK1_FOLLOWER.step,,Ø4 cross pin; end retention by welded/swaged thin heads after serviceable assembly.
DOCK1_FOLLOWER_HEAD_460.5,steel,False,5.400000000000046,0.5,5.4,parts/DOCK1_FOLLOWER_HEAD_460.5.step,,
DOCK1_FOLLOWER_HEAD_479.0,steel,False,5.400000000000046,0.5,5.4,parts/DOCK1_FOLLOWER_HEAD_479.0.step,,
DOCK1_CAM_F,S235 steel,False,44.0,4.0,34.0,parts/DOCK1_CAM_F.step,,"44x34x4; slot center1580/715,45deg between1570/705 and1590/725."
DOCK1_CAM_R,S235 steel,False,44.0,4.0,34.0,parts/DOCK1_CAM_R.step,,"44x34x4; slot center1580/715,45deg between1570/705 and1590/725."
DOCK1_CAM_BRIDGE,steel,False,20.0,10.0,12.0,parts/DOCK1_CAM_BRIDGE.step,,Weld across fork plates; jig slot alignment.
DOCK1_CLEVIS_TONGUE,steel,False,8.200000000000045,4.0,7.0,parts/DOCK1_CLEVIS_TONGUE.step,,4mm tongue fits sourced4.826mm fork; assembled axial clearance must be inspected.
DOCK1_CLEVIS_PIN,steel,False,3.2,12.0,3.2,parts/DOCK1_CLEVIS_PIN.step,,
DOCK1_CLEVIS_RETAINER_463.5,steel,False,4.800000000000091,0.5,4.800000000000001,parts/DOCK1_CLEVIS_RETAINER_463.5.step,,Swaged retaining head; pin installed before swaging.
DOCK1_CLEVIS_RETAINER_476.0,steel,False,4.800000000000091,0.5,4.800000000000001,parts/DOCK1_CLEVIS_RETAINER_476.0.step,,Swaged retaining head; pin installed before swaging.
DOCK1_CAM_HANGER_458.8,S235 steel,False,20.0,39.8,2.0,parts/DOCK1_CAM_HANGER_458.8.step,flat/DOCK1_CAM_HANGER_458.8.dxf,Weld top edge to lock bridge; slot cage is open for cam service.
DOCK1_CAM_HANGER_479.2,S235 steel,False,20.0,39.8,2.0,parts/DOCK1_CAM_HANGER_479.2.step,flat/DOCK1_CAM_HANGER_479.2.dxf,Weld top edge to lock bridge; slot cage is open for cam service.
"DOCK1_CAM_GIB_(692.8, 460.8)",bronze,False,20.0,4.2000000000000455,2.0,"parts/DOCK1_CAM_GIB_(692.8, 460.8).step",,Braze bronze wear strip to cage;20mm support length.
"DOCK1_CAM_GIB_(692.8, 475.0)",bronze,False,20.0,4.2000000000000455,2.0,"parts/DOCK1_CAM_GIB_(692.8, 475.0).step",,Braze bronze wear strip to cage;20mm support length.
"DOCK1_CAM_GIB_(729.2, 460.8)",bronze,False,20.0,4.2000000000000455,1.8,"parts/DOCK1_CAM_GIB_(729.2, 460.8).step",,Braze bronze wear strip to cage;20mm support length.
"DOCK1_CAM_GIB_(729.2, 475.0)",bronze,False,20.0,4.2000000000000455,1.8,"parts/DOCK1_CAM_GIB_(729.2, 475.0).step",,Braze bronze wear strip to cage;20mm support length.
DOCK1_SOLENOID,Delta DSOL-1151-24C,True,49.98720000000003,28.956000000000017,24.993600000000015,parts/DOCK1_SOLENOID.step,,
DOCK1_PLUNGER,Delta plunger,True,38.52600020000007,10.9982002,10.9982002,parts/DOCK1_PLUNGER.step,,
DOCK1_BODY_STRAP_0,steel,False,6.0,36.95600000000017,37.49680000000001,parts/DOCK1_BODY_STRAP_0.step,,Fabricated clamp welded to bridge; clamp preload/coil cooling and terminal location require delivered-part confirmation.
DOCK1_BODY_STRAP_1,steel,False,10.000000000000227,36.956000000000174,37.49680000000001,parts/DOCK1_BODY_STRAP_1.step,,"Fabricated clamp welded to bridge; clamp preload/coil cooling and terminal location require delivered-part confirmation. Integral or welded rear roof boss, 10 x 22 x 8 mm, with two M3 blind taps 8 mm deep from the rear axial face. Nominal major-diameter thread representation; drill/tap per material and inspect depth."
DOCK1_BODY_END_FRONT,S235 steel,False,28.956000000000003,28.9936,4.0,parts/DOCK1_BODY_END_FRONT.step,flat/DOCK1_BODY_END_FRONT.dxf,Fixed positive axial front stop; weld to front saddle tie. Plunger passes through the 11.5 mm bore.
DOCK1_BODY_END_REAR,S235 steel,False,28.956000000000003,34.9936,4.0,parts/DOCK1_BODY_END_REAR.step,flat/DOCK1_BODY_END_REAR.dxf,"Removable 4 mm axial service cap. Two M3x10 screws give 6 mm engagement in 8 mm blind taps, 2 mm bottom margin. Disconnect leads and remove this cap, then withdraw the coil axially toward this end; guided plunger remains linked. Delivered internal retention and terminals require inspection."
DOCK1_END_TIE_F,S235 steel,False,4.0,28.95600000000013,2.0,parts/DOCK1_END_TIE_F.step,,Weld tie between fixed front endplate and saddle base.
DOCK1_END_CAP_BOLT_0,steel 8.8,True,13.0,5.5,5.5,parts/DOCK1_END_CAP_BOLT_0.step,,ISO4762 M3x10; unthreaded major-diameter representation
DOCK1_END_CAP_BOLT_1,steel 8.8,True,13.0,5.5,5.5,parts/DOCK1_END_CAP_BOLT_1.step,,ISO4762 M3x10; unthreaded major-diameter representation
DOCK1_BODY_SIDE_KEEPER,S235 steel,False,42.0,4.0,24.9936,parts/DOCK1_BODY_SIDE_KEEPER.step,flat/DOCK1_BODY_SIDE_KEEPER.dxf,Inset removable side keeper; two vertical M3x10 captive-head screws into 10 mm blind taps. Coil is retained geometrically; no friction-clamp force assumed. Leave keeper installed during axial coil service.
DOCK1_KEEPER_BOLT_0,steel 8.8,True,5.5,5.5,13.0,parts/DOCK1_KEEPER_BOLT_0.step,,ISO4762 M3x10; unthreaded major-diameter representation
DOCK1_KEEPER_BOLT_1,steel 8.8,True,5.5,5.5,13.0,parts/DOCK1_KEEPER_BOLT_1.step,,ISO4762 M3x10; unthreaded major-diameter representation
DOCK1_RETURN_LEAF,301 full-hard spring steel,False,10.0,56.0,2.25,parts/DOCK1_RETURN_LEAF.step,,"40x10x0.25 working cantilever plus6 flat contact tip and10 clamp tail;2mm preload+6travel. Ideal0.236..0.942N,362MPa. Curved analytic shape approximates local compliant contact; temper/fatigue held."
DOCK1_SPRING_ROOT,S235 steel,False,10.0,10.0,29.0,parts/DOCK1_SPRING_ROOT.step,flat/DOCK1_SPRING_ROOT.dxf,Weld upper face to lock module; leaf clamped below with M3.
DOCK1_SPRING_CLAMP,S235 steel,False,10.0,10.0,2.0,parts/DOCK1_SPRING_CLAMP.step,flat/DOCK1_SPRING_CLAMP.dxf,
DOCK1_SPRING_CLAMP_BOLT,steel 8.8,True,5.5,5.5,13.0,parts/DOCK1_SPRING_CLAMP_BOLT.step,,ISO4762 M3x10; unthreaded major-diameter representation
DOCK1_SPRING_EXTENSION,S235 steel,False,20.0,33.0,4.0,parts/DOCK1_SPRING_EXTENSION.step,flat/DOCK1_SPRING_EXTENSION.dxf,Weld extension to main steel module edge.
DOCK1_SENSOR_ENGAGED,Panasonic PM-U25-P,True,13.400000000000091,6.0,16.0,parts/DOCK1_SENSOR_ENGAGED.step,,Sourced U-slot body; cable route and fouling qualification remain open.
DOCK1_SENSOR_BRACKET_ENGAGED,S235 steel,False,15.0,16.5,3.0,parts/DOCK1_SENSOR_BRACKET_ENGAGED.step,flat/DOCK1_SENSOR_BRACKET_ENGAGED.dxf,Weld top to module underside/extension. Actual sensor mounting holes8mm pitch.
DOCK1_SENSOR_BOLT_ENGAGED0,steel 8.8,True,5.5,15.0,5.5,parts/DOCK1_SENSOR_BOLT_ENGAGED0.step,,ISO4762 M3x12; unthreaded major-diameter representation
DOCK1_SENSOR_NUT_ENGAGED0,steel 8,True,5.500000000000002,2.4,6.350852961085853,parts/DOCK1_SENSOR_NUT_ENGAGED0.step,,
DOCK1_SENSOR_BOLT_ENGAGED1,steel 8.8,True,5.5,15.0,5.5,parts/DOCK1_SENSOR_BOLT_ENGAGED1.step,,ISO4762 M3x12; unthreaded major-diameter representation
DOCK1_SENSOR_NUT_ENGAGED1,steel 8,True,5.500000000000002,2.4,6.350852961085853,parts/DOCK1_SENSOR_NUT_ENGAGED1.step,,
DOCK1_SENSOR_RELEASED,Panasonic PM-U25-P,True,13.400000000000091,6.0,16.0,parts/DOCK1_SENSOR_RELEASED.step,,Sourced U-slot body; cable route and fouling qualification remain open.
DOCK1_SENSOR_BRACKET_RELEASED,S235 steel,False,15.0,45.5,3.0,parts/DOCK1_SENSOR_BRACKET_RELEASED.step,flat/DOCK1_SENSOR_BRACKET_RELEASED.dxf,Weld top to module underside/extension. Actual sensor mounting holes8mm pitch.
DOCK1_SENSOR_BOLT_RELEASED0,steel 8.8,True,5.5,15.0,5.5,parts/DOCK1_SENSOR_BOLT_RELEASED0.step,,ISO4762 M3x12; unthreaded major-diameter representation
DOCK1_SENSOR_NUT_RELEASED0,steel 8,True,5.500000000000002,2.4,6.350852961085853,parts/DOCK1_SENSOR_NUT_RELEASED0.step,,
DOCK1_SENSOR_BOLT_RELEASED1,steel 8.8,True,5.5,15.0,5.5,parts/DOCK1_SENSOR_BOLT_RELEASED1.step,,ISO4762 M3x12; unthreaded major-diameter representation
DOCK1_SENSOR_NUT_RELEASED1,steel 8,True,5.500000000000002,2.4,6.350852961085853,parts/DOCK1_SENSOR_NUT_RELEASED1.step,,
DOCK1_SENSOR_BRIDGE,S235 steel,False,35.0,12.0,4.0,parts/DOCK1_SENSOR_BRIDGE.step,flat/DOCK1_SENSOR_BRIDGE.dxf,Weld edge to underside lock subplate; sensor backplates join beneath.
HOOD_PORCH_F,6061-T6,False,190.0,31.0,12.7,parts/HOOD_PORCH_F.step,flat/HOOD_PORCH_F.dxf,Weld edge to rail bar before rail-plane machining; M4/M5/M6 blind taps as modeled.
HOOD_PORCH_R,6061-T6,False,192.0,100.0,12.700000000000045,parts/HOOD_PORCH_R.step,flat/HOOD_PORCH_R.dxf,"Weld edge to rail bar before rail-plane machining; M4/M5/M6 blind taps as modeled. Integral rear guide porch projects toY1095, avoiding complete nut/carriage lug sweep."
HOOD_POST_FOOT_F,6061-T6,False,20.0,16.0,6.0,parts/HOOD_POST_FOOT_F.step,flat/HOOD_POST_FOOT_F.dxf,
HOOD_POST_BOLT_F_0,steel 8.8,True,7.0,7.0,12.0,parts/HOOD_POST_BOLT_F_0.step,,ISO4762 M4x8; unthreaded major-diameter representation
HOOD_POST_BOLT_F_1,steel 8.8,True,7.0,7.0,12.0,parts/HOOD_POST_BOLT_F_1.step,,ISO4762 M4x8; unthreaded major-diameter representation
HOOD_POST_F,6061-T6,False,20.0,16.0,204.3,parts/HOOD_POST_F.step,,"20x16x2 fabricated angle, welded foot/roof cleat."
HOOD_ROOF_CLEAT_F,6061-T6,False,20.0,16.0,2.0,parts/HOOD_ROOF_CLEAT_F.step,flat/HOOD_ROOF_CLEAT_F.dxf,
HOOD_POST_FOOT_R,6061-T6,False,20.0,16.0,6.0,parts/HOOD_POST_FOOT_R.step,flat/HOOD_POST_FOOT_R.dxf,
HOOD_POST_BOLT_R_0,steel 8.8,True,7.0,7.0,12.0,parts/HOOD_POST_BOLT_R_0.step,,ISO4762 M4x8; unthreaded major-diameter representation
HOOD_POST_BOLT_R_1,steel 8.8,True,7.0,7.0,12.0,parts/HOOD_POST_BOLT_R_1.step,,ISO4762 M4x8; unthreaded major-diameter representation
HOOD_POST_R,6061-T6,False,20.0,16.0,204.3,parts/HOOD_POST_R.step,,"20x16x2 fabricated angle, welded foot/roof cleat."
HOOD_ROOF_CLEAT_R,6061-T6,False,20.0,16.0,2.0,parts/HOOD_ROOF_CLEAT_R.step,flat/HOOD_ROOF_CLEAT_R.dxf,
HOOD_RIGHT,5052 aluminum,False,638.0,160.0,2.0,parts/HOOD_RIGHT.step,flat/HOOD_RIGHT.dxf,Weld to front/rear sheets; not a plasma shield.
HOOD_REAR,5052 aluminum,False,167.0,160.0,2.0,parts/HOOD_REAR.step,flat/HOOD_REAR.dxf,
HOOD_FRONT,5052 aluminum,False,167.0,160.0,2.0,parts/HOOD_FRONT.step,flat/HOOD_FRONT.dxf, Drive/service cutouts intentionally remove unsupported isolated sheet islands; openings are not sealed.
HOOD_ROOF,5052 aluminum,False,175.0,640.0,2.0,parts/HOOD_ROOF.step,flat/HOOD_ROOF.dxf, Drive/service cutouts intentionally remove unsupported isolated sheet islands; openings are not sealed.
ROOF_BOLT_0,steel 8.8,True,7.0,7.0,16.0,parts/ROOF_BOLT_0.step,,ISO4762 M4x12; unthreaded major-diameter representation
ROOF_NUT_0,steel 8,True,7.0000000000000036,8.082903768654774,3.2000000000000455,parts/ROOF_NUT_0.step,,
ROOF_BOLT_1,steel 8.8,True,7.0,7.0,16.0,parts/ROOF_BOLT_1.step,,ISO4762 M4x12; unthreaded major-diameter representation
ROOF_NUT_1,steel 8,True,7.0000000000000036,8.082903768654825,3.2000000000000455,parts/ROOF_NUT_1.step,,
ROOF_BOLT_2,steel 8.8,True,7.0,7.0,16.0,parts/ROOF_BOLT_2.step,,ISO4762 M4x12; unthreaded major-diameter representation
ROOF_NUT_2,steel 8,True,7.0000000000000036,8.082903768654774,3.2000000000000455,parts/ROOF_NUT_2.step,,
ROOF_BOLT_3,steel 8.8,True,7.0,7.0,16.0,parts/ROOF_BOLT_3.step,,ISO4762 M4x12; unthreaded major-diameter representation
ROOF_NUT_3,steel 8,True,7.0000000000000036,8.082903768654825,3.2000000000000455,parts/ROOF_NUT_3.step,,
SHUTTER_GUIDE_FOOT_F,6061-T6,False,18.0,26.0,8.0,parts/SHUTTER_GUIDE_FOOT_F.step,flat/SHUTTER_GUIDE_FOOT_F.dxf,
GUIDE_FOOT_BOLT_F_0,steel 8.8,True,8.5,8.5,21.0,parts/GUIDE_FOOT_BOLT_F_0.step,,ISO4762 M5x16; unthreaded major-diameter representation
GUIDE_FOOT_BOLT_F_1,steel 8.8,True,8.5,8.5,21.0,parts/GUIDE_FOOT_BOLT_F_1.step,,ISO4762 M5x16; unthreaded major-diameter representation
SHUTTER_GUIDE_BACK_F,6061-T6,False,18.0,384.29999999999995,6.0,parts/SHUTTER_GUIDE_BACK_F.step,flat/SHUTTER_GUIDE_BACK_F.dxf,
SHUTTER_GIB_F_L,POM,False,4.5,18.0,350.0,parts/SHUTTER_GIB_F_L.step,,Blind M3 nominal taps 6.5 mm; verify polymer creep and thread retention.
GIB_BOLT_F_L_0,steel 8.8,True,5.5,15.0,5.5,parts/GIB_BOLT_F_L_0.step,,ISO4762 M3x12; unthreaded major-diameter representation
GIB_BOLT_F_L_1,steel 8.8,True,5.5,15.0,5.5,parts/GIB_BOLT_F_L_1.step,,ISO4762 M3x12; unthreaded major-diameter representation
GIB_BOLT_F_L_2,steel 8.8,True,5.5,15.0,5.5,parts/GIB_BOLT_F_L_2.step,,ISO4762 M3x12; unthreaded major-diameter representation
GIB_BOLT_F_L_3,steel 8.8,True,5.5,15.0,5.5,parts/GIB_BOLT_F_L_3.step,,ISO4762 M3x12; unthreaded major-diameter representation
SHUTTER_GIB_F_R,POM,False,7.5,18.0,350.0,parts/SHUTTER_GIB_F_R.step,,Machine guide and edge stop from one POM blank; blind M3 taps 6.5 mm.
GIB_BOLT_F_R_0,steel 8.8,True,5.5,15.0,5.5,parts/GIB_BOLT_F_R_0.step,,ISO4762 M3x12; unthreaded major-diameter representation
GIB_BOLT_F_R_1,steel 8.8,True,5.5,15.0,5.5,parts/GIB_BOLT_F_R_1.step,,ISO4762 M3x12; unthreaded major-diameter representation
GIB_BOLT_F_R_2,steel 8.8,True,5.5,15.0,5.5,parts/GIB_BOLT_F_R_2.step,,ISO4762 M3x12; unthreaded major-diameter representation
GIB_BOLT_F_R_3,steel 8.8,True,5.5,15.0,5.5,parts/GIB_BOLT_F_R_3.step,,ISO4762 M3x12; unthreaded major-diameter representation
REAR_GUIDE_RISER,6061-T6,False,18.0,8.0,87.3,parts/REAR_GUIDE_RISER.step,flat/REAR_GUIDE_RISER.dxf,"Weld foot and upper cantilever, full-width contact."
REAR_GUIDE_CANTILEVER,6061-T6,False,18.0,68.0,8.0,parts/REAR_GUIDE_CANTILEVER.step,flat/REAR_GUIDE_CANTILEVER.dxf,Weld to rear riser and guide back; underside above nut-carrier sweep.
SHUTTER_GUIDE_BACK_R,6061-T6,False,18.0,297.0,6.0,parts/SHUTTER_GUIDE_BACK_R.step,flat/SHUTTER_GUIDE_BACK_R.dxf,
SHUTTER_GIB_R_L,POM,False,4.5,18.0,305.0,parts/SHUTTER_GIB_R_L.step,,Blind M3 nominal taps 6.5 mm; verify polymer creep and thread retention.
GIB_BOLT_R_L_0,steel 8.8,True,5.5,15.0,5.5,parts/GIB_BOLT_R_L_0.step,,ISO4762 M3x12; unthreaded major-diameter representation
GIB_BOLT_R_L_1,steel 8.8,True,5.5,15.0,5.5,parts/GIB_BOLT_R_L_1.step,,ISO4762 M3x12; unthreaded major-diameter representation
GIB_BOLT_R_L_2,steel 8.8,True,5.5,15.0,5.5,parts/GIB_BOLT_R_L_2.step,,ISO4762 M3x12; unthreaded major-diameter representation
GIB_BOLT_R_L_3,steel 8.8,True,5.5,15.0,5.5,parts/GIB_BOLT_R_L_3.step,,ISO4762 M3x12; unthreaded major-diameter representation
SHUTTER_GIB_R_R,POM,False,7.5,18.0,305.0,parts/SHUTTER_GIB_R_R.step,,Machine guide and edge stop from one POM blank; blind M3 taps 6.5 mm.
GIB_BOLT_R_R_0,steel 8.8,True,5.5,15.0,5.5,parts/GIB_BOLT_R_R_0.step,,ISO4762 M3x12; unthreaded major-diameter representation
GIB_BOLT_R_R_1,steel 8.8,True,5.5,15.0,5.5,parts/GIB_BOLT_R_R_1.step,,ISO4762 M3x12; unthreaded major-diameter representation
GIB_BOLT_R_R_2,steel 8.8,True,5.5,15.0,5.5,parts/GIB_BOLT_R_R_2.step,,ISO4762 M3x12; unthreaded major-diameter representation
GIB_BOLT_R_R_3,steel 8.8,True,5.5,15.0,5.5,parts/GIB_BOLT_R_R_3.step,,ISO4762 M3x12; unthreaded major-diameter representation
SHUTTER,S235 steel,False,629.5,160.0,2.0,parts/SHUTTER.step,flat/SHUTTER.dxf,"Two mm sheet, 164 mm lift. Independent of manufacturer magazine cover. Steel shutter/arm weldment matches the steel ratchet ladder."
SHUTTER_DRIVE_FOOT,6061-T6,False,24.0,70.0,8.0,parts/SHUTTER_DRIVE_FOOT.step,flat/SHUTTER_DRIVE_FOOT.dxf,
SHUTTER_DRIVE_FOOT_BOLT_0,steel 8.8,True,10.0,10.0,16.0,parts/SHUTTER_DRIVE_FOOT_BOLT_0.step,,ISO4762 M6x10; unthreaded major-diameter representation
SHUTTER_DRIVE_FOOT_BOLT_1,steel 8.8,True,10.0,10.0,16.0,parts/SHUTTER_DRIVE_FOOT_BOLT_1.step,,ISO4762 M6x10; unthreaded major-diameter representation
SHUTTER_DRIVE_COLUMN,6061-T6,False,70.0,79.3,8.0,parts/SHUTTER_DRIVE_COLUMN.step,flat/SHUTTER_DRIVE_COLUMN.dxf,"Weld foot and motor shelf, jig pilot after welding."
SHUTTER_MOTOR_SHELF,6061-T6,False,64.0,64.0,8.0,parts/SHUTTER_MOTOR_SHELF.step,flat/SHUTTER_MOTOR_SHELF.dxf,
SHUTTER_MOTOR,purchased stepper,True,42.30000000000018,42.3,348.0,parts/SHUTTER_MOTOR.step,,
SHUTTER_MOTOR_BOLT_0,steel 8.8,True,5.5,5.5,15.0,parts/SHUTTER_MOTOR_BOLT_0.step,,ISO4762 M3x12; unthreaded major-diameter representation
SHUTTER_MOTOR_BOLT_1,steel 8.8,True,5.5,5.5,15.0,parts/SHUTTER_MOTOR_BOLT_1.step,,ISO4762 M3x12; unthreaded major-diameter representation
SHUTTER_MOTOR_BOLT_2,steel 8.8,True,5.5,5.5,15.0,parts/SHUTTER_MOTOR_BOLT_2.step,,ISO4762 M3x12; unthreaded major-diameter representation
SHUTTER_MOTOR_BOLT_3,steel 8.8,True,5.5,5.5,15.0,parts/SHUTTER_MOTOR_BOLT_3.step,,ISO4762 M3x12; unthreaded major-diameter representation
SHUTTER_LIFT_ARM,S235 steel,False,55.0,97.0,8.0,parts/SHUTTER_LIFT_ARM.step,flat/SHUTTER_LIFT_ARM.dxf,Weld vertical return flange to shutter; arm-to-sheet joint needs fatigue qualification. Steel shutter/arm weldment matches the steel ratchet ladder.
SHUTTER_ARM_RETURN,S235 steel,False,20.0,30.0,3.0,parts/SHUTTER_ARM_RETURN.step,flat/SHUTTER_ARM_RETURN.dxf,Weld along shutter and lift-arm edges. Steel shutter/arm weldment matches the steel ratchet ladder.
SHUTTER_NUT,purchased POM nut,True,25.400000000000045,25.4,11.0,parts/SHUTTER_NUT.step,,
SHUTTER_NUT_BOLT_0,steel 8.8,True,5.5,5.5,19.0,parts/SHUTTER_NUT_BOLT_0.step,,ISO4762 M3x16; unthreaded major-diameter representation
SHUTTER_NUT_NUT_0,steel 8,True,5.500000000000002,6.350852961085934,2.4,parts/SHUTTER_NUT_NUT_0.step,,
SHUTTER_NUT_BOLT_1,steel 8.8,True,5.5,5.5,19.0,parts/SHUTTER_NUT_BOLT_1.step,,ISO4762 M3x16; unthreaded major-diameter representation
SHUTTER_NUT_NUT_1,steel 8,True,5.500000000000002,6.350852961085934,2.4,parts/SHUTTER_NUT_NUT_1.step,,
SHUTTER_NUT_BOLT_2,steel 8.8,True,5.5,5.5,19.0,parts/SHUTTER_NUT_BOLT_2.step,,ISO4762 M3x16; unthreaded major-diameter representation
SHUTTER_NUT_NUT_2,steel 8,True,5.500000000000002,6.350852961085934,2.4,parts/SHUTTER_NUT_NUT_2.step,,
SHUTTER_BONNET,5052 aluminum,False,65.0,107.0,180.0,parts/SHUTTER_BONNET.step,,Weld sheet seams and attach to reinforced roof; no plasma protection qualification.
SLIDE_CHANGE_STOP_0,6061-T6,False,27.0,10.0,20.0,parts/SLIDE_CHANGE_STOP_0.step,,"Weld to railbar; machine deployed faceX1465 after alignment. Optionalsetup shim is measured, not assumed."
SLIDE_PARK_STOP_0,6061-T6,False,20.0,10.0,20.0,parts/SLIDE_PARK_STOP_0.step,,Weld to railbar; machine parked faceX1825. Verify reaction and welds during proofload.
SLIDE_CHANGE_STOP_1,6061-T6,False,27.0,10.0,20.0,parts/SLIDE_CHANGE_STOP_1.step,,"Weld to railbar; machine deployed faceX1465 after alignment. Optionalsetup shim is measured, not assumed."
SLIDE_PARK_STOP_1,6061-T6,False,20.0,10.0,20.0,parts/SLIDE_PARK_STOP_1.step,,Weld to railbar; machine parked faceX1825. Verify reaction and welds during proofload.
SHUTTER_RATCHET_LADDER,S235 steel,False,3.0,20.0,190.0,parts/SHUTTER_RATCHET_LADDER.step,,Welded ladder; 10mm nominal pitch plus dedicated open window. Solenoid delay/rebound can exceed one pitch: dynamic arrest unqualified.
CATCH_LONGITUDINAL_BEAM,6061-T6,False,20.0,604.0,20.0,parts/CATCH_LONGITUDINAL_BEAM.step,,20x20x2 tube welded to both corner angles; roof sheet has matching clearance cutout.
CATCH_ROOF_CAP,5052 aluminum,False,24.0,608.0,2.0,parts/CATCH_ROOF_CAP.step,flat/CATCH_ROOF_CAP.dxf,
CATCH_CROSS_BEAM_F,6061-T6,False,148.0,20.0,10.0,parts/CATCH_CROSS_BEAM_F.step,,20x10x2 cantilever welded to post on longitudinal beam.
CATCH_BEAM_POST_F,6061-T6,False,20.0,20.0,6.0,parts/CATCH_BEAM_POST_F.step,flat/CATCH_BEAM_POST_F.dxf,
CATCH_CROSS_BEAM_R,6061-T6,False,148.0,20.0,10.0,parts/CATCH_CROSS_BEAM_R.step,,20x10x2 cantilever welded to post on longitudinal beam.
CATCH_BEAM_POST_R,6061-T6,False,20.0,20.0,6.0,parts/CATCH_BEAM_POST_R.step,flat/CATCH_BEAM_POST_R.dxf,
CATCH_UPPER_BRIDGE,6061-T6,False,91.0,74.0,6.0,parts/CATCH_UPPER_BRIDGE.step,flat/CATCH_UPPER_BRIDGE.dxf,
CATCH_GUIDE_HANGER,6061-T6,False,24.0,20.0,19.0,parts/CATCH_GUIDE_HANGER.step,flat/CATCH_GUIDE_HANGER.dxf,Weld upper face to bridge; guide block bolted underneath.
CATCH_GUIDE,bronze,False,9.0,20.0,16.0,parts/CATCH_GUIDE.step,,Ø6.04 guide; actual pin takes shutter reaction.
CATCH_GUIDE_BOLT_0,steel 8.8,True,7.0,7.0,28.0,parts/CATCH_GUIDE_BOLT_0.step,,ISO4762 M4x24; unthreaded major-diameter representation
CATCH_GUIDE_BOLT_1,steel 8.8,True,7.0,7.0,28.0,parts/CATCH_GUIDE_BOLT_1.step,,ISO4762 M4x24; unthreaded major-diameter representation
CATCH_PIN,ground steel,False,28.200000000000045,76.0,24.0,parts/CATCH_PIN.step,,Pin4mm engagement and2mm released clearance; bevel is one-way lead. Load/impact proof required.
CATCH_CLEVIS_PIN,steel,False,3.2,12.0,3.2,parts/CATCH_CLEVIS_PIN.step,,
CATCH_SOLENOID,Delta DSOL-1151-24C,True,49.98720000000003,28.956,24.993600000000015,parts/CATCH_SOLENOID.step,,
CATCH_PLUNGER,Delta plunger,True,38.52600020000007,10.9982002,10.9982002,parts/CATCH_PLUNGER.step,,
CATCH_BODY_STRAP_0,6061-T6,False,6.0,40.95599999999994,31.496800000000015,parts/CATCH_BODY_STRAP_0.step,,"Body strap welded to aluminum crossbeam underside; delivered terminal layout, clamp fit and coil cooling remain held."
CATCH_BODY_STRAP_1,6061-T6,False,10.0,40.955999999999946,34.993600000000015,parts/CATCH_BODY_STRAP_1.step,,"Body strap welded to aluminum crossbeam underside; delivered terminal layout, clamp fit and coil cooling remain held. Integral or welded rear roof boss, 10 x 22 x 8 mm, with two M3 blind taps 8 mm deep from the rear axial face. Nominal major-diameter thread representation; drill/tap per material and inspect depth."
CATCH_BODY_END_FRONT,6061-T6,False,28.956,28.9936,4.0,parts/CATCH_BODY_END_FRONT.step,flat/CATCH_BODY_END_FRONT.dxf,Fixed positive axial front stop; weld to front saddle tie. Plunger passes through the 11.5 mm bore.
CATCH_BODY_END_REAR,6061-T6,False,28.956,34.9936,4.0,parts/CATCH_BODY_END_REAR.step,flat/CATCH_BODY_END_REAR.dxf,"Removable 4 mm axial service cap. Two M3x10 screws give 6 mm engagement in 8 mm blind taps, 2 mm bottom margin. Disconnect leads and remove this cap, then withdraw the coil axially toward this end; guided plunger remains linked. Delivered internal retention and terminals require inspection."
CATCH_END_TIE_F,6061-T6,False,4.0,28.956000000000017,2.0,parts/CATCH_END_TIE_F.step,,Weld tie between fixed front endplate and saddle base.
CATCH_END_CAP_BOLT_0,steel 8.8,True,13.0,5.5,5.5,parts/CATCH_END_CAP_BOLT_0.step,,ISO4762 M3x10; unthreaded major-diameter representation
CATCH_END_CAP_BOLT_1,steel 8.8,True,13.0,5.5,5.5,parts/CATCH_END_CAP_BOLT_1.step,,ISO4762 M3x10; unthreaded major-diameter representation
CATCH_BODY_SIDE_KEEPER,6061-T6,False,42.0,4.0,24.9936,parts/CATCH_BODY_SIDE_KEEPER.step,flat/CATCH_BODY_SIDE_KEEPER.dxf,Inset removable side keeper; two vertical M3x10 captive-head screws into 10 mm blind taps. Coil is retained geometrically; no friction-clamp force assumed. Leave keeper installed during axial coil service.
CATCH_KEEPER_BOLT_0,steel 8.8,True,5.5,5.5,13.0,parts/CATCH_KEEPER_BOLT_0.step,,ISO4762 M3x10; unthreaded major-diameter representation
CATCH_KEEPER_BOLT_1,steel 8.8,True,5.5,5.5,13.0,parts/CATCH_KEEPER_BOLT_1.step,,ISO4762 M3x10; unthreaded major-diameter representation
CATCH_RETURN_LEAF,301 full-hard spring steel,False,2.25,60.0,10.0,parts/CATCH_RETURN_LEAF.step,,"40mm working leaf,6mm flat tip,0.25x10 section; ideal<1N. Fatigue and hot-coil release margin held."
CATCH_SPRING_ROOT,6061-T6,False,10.0,15.0,23.0,parts/CATCH_SPRING_ROOT.step,flat/CATCH_SPRING_ROOT.dxf,M3 blind tap8mm from left face; welded through riser tab to rear crossbeam.
CATCH_SPRING_TAB,6061-T6,False,9.25,18.0,15.0,parts/CATCH_SPRING_TAB.step,flat/CATCH_SPRING_TAB.dxf,Welded to root top and rear crossbeam edge.
CATCH_SPRING_CLAMP,S235 steel,False,10.0,10.0,2.0,parts/CATCH_SPRING_CLAMP.step,flat/CATCH_SPRING_CLAMP.dxf,
CATCH_SPRING_CLAMP_BOLT,steel 8.8,True,13.0,5.5,5.5,parts/CATCH_SPRING_CLAMP_BOLT.step,,ISO4762 M3x10; unthreaded major-diameter representation
CATCH_SENSOR_ENGAGED,Panasonic PM-U25-P,True,16.0,13.4,6.0,parts/CATCH_SENSOR_ENGAGED.step,,"Opposed U slots detect actual guidedpin, not coilcommand."
CATCH_SENSOR_BOLT_ENGAGED0,steel 8.8,True,5.5,5.5,15.0,parts/CATCH_SENSOR_BOLT_ENGAGED0.step,,ISO4762 M3x12; unthreaded major-diameter representation
CATCH_SENSOR_NUT_ENGAGED0,steel 8,True,5.500000000000002,6.350852961085853,2.4,parts/CATCH_SENSOR_NUT_ENGAGED0.step,,
CATCH_SENSOR_BOLT_ENGAGED1,steel 8.8,True,5.5,5.5,15.0,parts/CATCH_SENSOR_BOLT_ENGAGED1.step,,ISO4762 M3x12; unthreaded major-diameter representation
CATCH_SENSOR_NUT_ENGAGED1,steel 8,True,5.500000000000002,6.350852961085853,2.4,parts/CATCH_SENSOR_NUT_ENGAGED1.step,,
CATCH_SENSOR_RELEASED,Panasonic PM-U25-P,True,16.0,13.4,6.0,parts/CATCH_SENSOR_RELEASED.step,,"Opposed U slots detect actual guidedpin, not coilcommand."
CATCH_SENSOR_BOLT_RELEASED0,steel 8.8,True,5.5,5.5,15.0,parts/CATCH_SENSOR_BOLT_RELEASED0.step,,ISO4762 M3x12; unthreaded major-diameter representation
CATCH_SENSOR_NUT_RELEASED0,steel 8,True,5.500000000000002,6.350852961085853,2.4,parts/CATCH_SENSOR_NUT_RELEASED0.step,,
CATCH_SENSOR_BOLT_RELEASED1,steel 8.8,True,5.5,5.5,15.0,parts/CATCH_SENSOR_BOLT_RELEASED1.step,,ISO4762 M3x12; unthreaded major-diameter representation
CATCH_SENSOR_NUT_RELEASED1,steel 8,True,5.500000000000002,6.350852961085853,2.4,parts/CATCH_SENSOR_NUT_RELEASED1.step,,
CATCH_SENSOR_BACKPLATE,S235 steel,False,45.0,45.0,18.0,parts/CATCH_SENSOR_BACKPLATE.step,,Steel sensor backplate and return angle; bolted through aluminum crossbeam with compression sleeves and isolation compound.
CATCH_SENSOR_SLEEVE_0,aluminum,False,5.5,16.0,5.5,parts/CATCH_SENSOR_SLEEVE_0.step,,
CATCH_SENSOR_MOUNT_BOLT_0,steel 8.8,True,7.0,34.0,7.0,parts/CATCH_SENSOR_MOUNT_BOLT_0.step,,ISO4762 M4x30; unthreaded major-diameter representation
CATCH_SENSOR_MOUNT_NUT_0,steel 8,True,7.0000000000000036,3.2000000000000455,8.082903768654827,parts/CATCH_SENSOR_MOUNT_NUT_0.step,,
CATCH_SENSOR_SLEEVE_1,aluminum,False,5.5,16.0,5.5,parts/CATCH_SENSOR_SLEEVE_1.step,,
CATCH_SENSOR_MOUNT_BOLT_1,steel 8.8,True,7.0,34.0,7.0,parts/CATCH_SENSOR_MOUNT_BOLT_1.step,,ISO4762 M4x30; unthreaded major-diameter representation
CATCH_SENSOR_MOUNT_NUT_1,steel 8,True,7.0000000000000036,3.2000000000000455,8.082903768654827,parts/CATCH_SENSOR_MOUNT_NUT_1.step,,
CATCH_CLEVIS_RETAINER_693.5,steel,False,4.800000000000091,0.5,4.800000000000001,parts/CATCH_CLEVIS_RETAINER_693.5.step,,"Swaged retaining head, installed after assembly."
CATCH_CLEVIS_RETAINER_706.0,steel,False,4.800000000000091,0.5,4.800000000000001,parts/CATCH_CLEVIS_RETAINER_706.0.step,,"Swaged retaining head, installed after assembly."
CATCH_CAP_BASE_F,5052/6061 aluminum,False,99.0,14.0,28.0,parts/CATCH_CAP_BASE_F.step,,Fixed front/rear service-cover bracket with 6 mm tapped tabs. Weld bottom to hood roof; M4 nominal-major bores.
CATCH_CAP_BASE_R,5052/6061 aluminum,False,99.0,14.0,28.0,parts/CATCH_CAP_BASE_R.step,,Fixed front/rear service-cover bracket with 6 mm tapped tabs. Weld bottom to hood roof; M4 nominal-major bores.
CATCH_SERVICE_CAP,5052 aluminum,False,101.0,166.0,2.0,parts/CATCH_SERVICE_CAP.step,flat/CATCH_SERVICE_CAP.dxf,Remove four M4x6 screws and lift 60 mm together with the welded right downstand.
CATCH_CAP_DOWNSTAND,5052 aluminum,False,166.0,8.0,2.0,parts/CATCH_CAP_DOWNSTAND.step,flat/CATCH_CAP_DOWNSTAND.dxf,Weld upper edge to removable service cap at Z990; this wall leaves with the cover to clear axial coil extraction.
CATCH_CAP_BOLT_0,steel 8.8,True,7.0,7.0,10.0,parts/CATCH_CAP_BOLT_0.step,,ISO4762 M4x6; unthreaded major-diameter representation
CATCH_CAP_BOLT_1,steel 8.8,True,7.0,7.0,10.0,parts/CATCH_CAP_BOLT_1.step,,ISO4762 M4x6; unthreaded major-diameter representation
CATCH_CAP_BOLT_2,steel 8.8,True,7.0,7.0,10.0,parts/CATCH_CAP_BOLT_2.step,,ISO4762 M4x6; unthreaded major-diameter representation
CATCH_CAP_BOLT_3,steel 8.8,True,7.0,7.0,10.0,parts/CATCH_CAP_BOLT_3.step,,ISO4762 M4x6; unthreaded major-diameter representation
